participant.id_in_session,participant.code,participant.label,participant._is_bot,participant._index_in_pages,participant._max_page_index,participant._current_app_name,participant._round_number,participant._current_page_name,participant.ip_address,participant.time_started,participant.visited,participant.mturk_worker_id,participant.mturk_assignment_id,participant.payoff,player.id_in_group,player.decision_order,player.decision_history,player.estimate,player.estimate_p,player.estimate_kg,player.estimate_percent_diff,player.unit,player.early_finish,player.wp_timer_start,player.sec_spent,player.sec_earned,player.payoff,group.id_in_subsession,subsession.round_number,subsession.room_busy,subsession.pay_per_min,subsession.wait_before_leave,subsession.max_wait_time,subsession.bonus,subsession.views,subsession.selection_method,session.code,session.label,session.experimenter_name,session.mturk_HITId,session.mturk_HITGroupId,session.comment,session.is_demo
1,e7wgc4u8,,0,2,19,consent,1,BlockDropouts,172.16.176.137,2018-06-20 09:00:34.936201+00:00,1,ATHS9CW2FLYUY,33NF62TLXKLOQN8CDICSUOH2N2FKJJ,0.00,1,0,,,,,,,,,,,0.00,1,1,0,0.2,30,300,1,3,history,656wmc92,,,3566S7OX5D2RE7NUEXCBY0K7S0M71T,3YVLYSYECGO2I052WIRRU438XJBQ0C,,0
2,9sxod2yj,,0,20,19,ox,1,Results,172.16.176.137,2018-06-20 09:00:45.593599+00:00,1,A26Y58YECZUZZG,38BQUHLA9XJXHMZCE7HDHXQSB1KMO9,0.00,2,1,[],2300.0,2300.0,1043.26227205286,0.153882991035796,1,,2018-06-20 09:01:12.396800+00:00,0,0.0,0.00,1,1,0,0.2,30,300,1,3,history,656wmc92,,,3566S7OX5D2RE7NUEXCBY0K7S0M71T,3YVLYSYECGO2I052WIRRU438XJBQ0C,,0
3,j9u8y4ri,,0,20,19,ox,1,Results,172.16.176.137,2018-06-20 09:00:55.119428+00:00,1,A2HEZCJ1DMZAAX,3GU1KF0O4JKJJV7G2I4JSHKO97CPB4,0.22,3,2,"[2, 5]",0.0,,,,0,,2018-06-20 09:01:35.732731+00:00,66,0.22,0.00,1,1,0,0.2,30,300,1,3,history,656wmc92,,,3566S7OX5D2RE7NUEXCBY0K7S0M71T,3YVLYSYECGO2I052WIRRU438XJBQ0C,,0
4,zxy03jwo,,0,20,19,ox,1,Results,172.16.176.137,2018-06-20 09:01:00.414893+00:00,1,A2W3T75MBHOT8C,3TEM0PF1Q6G9AB1GZTGZ867G4KCD0S,0.32,4,0,,,,,,,1,2018-06-20 09:01:57.529349+00:00,96,0.32,0.00,1,1,0,0.2,30,300,1,3,history,656wmc92,,,3566S7OX5D2RE7NUEXCBY0K7S0M71T,3YVLYSYECGO2I052WIRRU438XJBQ0C,,0
5,k80pusqh,,0,20,19,ox,1,Results,172.16.176.137,2018-06-20 09:01:06.597676+00:00,1,AECQ7QG4CQP69,35L9RVQFCP162DIYJWD9OYALC19HU8,0.11,5,2,[2],2157.0,2157.0,978.398574268707,0.206489396375744,1,,2018-06-20 09:01:28.795301+00:00,31,0.11,0.00,1,1,0,0.2,30,300,1,3,history,656wmc92,,,3566S7OX5D2RE7NUEXCBY0K7S0M71T,3YVLYSYECGO2I052WIRRU438XJBQ0C,,0
6,7i0vyuw7,,0,2,19,consent,1,BlockDropouts,172.16.176.137,2018-06-20 09:05:19.607741+00:00,1,A1H3Z9AQUSX4GM,30BXRYBRP5GJUH73EWSA6MVIXHKHW7,0.00,6,0,,,,,,,,,,,0.00,1,1,0,0.2,30,300,1,3,history,656wmc92,,,3566S7OX5D2RE7NUEXCBY0K7S0M71T,3YVLYSYECGO2I052WIRRU438XJBQ0C,,0
7,qr9fpogk,,0,20,19,ox,1,Results,172.16.176.137,2018-06-20 09:01:19.807092+00:00,1,A299V42H14TK2J,35LDD5557BNERVEXGFPKAG9JRWAKMN,0.00,7,2,[2],0.0,,,,0,,2018-06-20 09:02:00.075219+00:00,0,0.0,0.00,1,1,0,0.2,30,300,1,3,history,656wmc92,,,3566S7OX5D2RE7NUEXCBY0K7S0M71T,3YVLYSYECGO2I052WIRRU438XJBQ0C,,0
8,3kq9mcz4,,0,20,19,ox,1,Results,172.16.176.137,2018-06-20 09:01:20.454965+00:00,1,A34X7ZCR1JY139,3S06PH7KSSN9H0MYVCKZMBQQ9CID1V,1.28,8,4,"[2, 5]",1200.0,2645.5476,1200.0,0.0267639902676399,0,,2018-06-20 09:02:21.445604+00:00,84,0.28,1.00,1,1,0,0.2,30,300,1,3,history,656wmc92,,,3566S7OX5D2RE7NUEXCBY0K7S0M71T,3YVLYSYECGO2I052WIRRU438XJBQ0C,,0
9,ivvm7dbi,,0,2,19,consent,1,BlockDropouts,172.16.176.137,2018-06-20 09:01:38.554002+00:00,1,A3IX1RJUNN7R1S,323Q6SJS8JZHJVL8O7IA2Y9I2EUFH7,0.00,9,0,,,,,,,,,,,0.00,1,1,0,0.2,30,300,1,3,history,656wmc92,,,3566S7OX5D2RE7NUEXCBY0K7S0M71T,3YVLYSYECGO2I052WIRRU438XJBQ0C,,0
10,31w2q0vt,,0,20,19,ox,1,Results,172.16.176.137,2018-06-20 09:01:40.318527+00:00,1,A3DTPGXKABAFEJ,3NGMS9VZTM1X5ZU2THUAZDX5MZHFF9,1.41,10,8,"[8, 16, 11]",2700.0,2700.0,1224.69918893162,0.00673220686810843,1,,2018-06-20 09:03:05.434871+00:00,122,0.41,1.00,1,1,0,0.2,30,300,1,3,history,656wmc92,,,3566S7OX5D2RE7NUEXCBY0K7S0M71T,3YVLYSYECGO2I052WIRRU438XJBQ0C,,0
11,za0qsqlk,,0,20,19,ox,1,Results,172.16.176.137,2018-06-20 09:01:48.558080+00:00,1,A31Z5TPD8QKE26,378XPAWRUDWMJZFKJ9E3O9Z65BWAII,0.34,11,6,"[2, 5, 14]",3500.0,7716.1805,3500.0,1.83860502838605,0,,2018-06-20 09:02:23.498182+00:00,101,0.34,0.00,1,1,0,0.2,30,300,1,3,history,656wmc92,,,3566S7OX5D2RE7NUEXCBY0K7S0M71T,3YVLYSYECGO2I052WIRRU438XJBQ0C,,0
12,y6heglgw,,0,2,19,consent,1,BlockDropouts,172.16.176.137,2018-06-20 09:01:49.621541+00:00,1,A2KBTDHM44J7X4,36TFCYNS45TYJHCTO1OW859P6JQHX0,0.00,12,0,,,,,,,,,,,0.00,1,1,0,0.2,30,300,1,3,history,656wmc92,,,3566S7OX5D2RE7NUEXCBY0K7S0M71T,3YVLYSYECGO2I052WIRRU438XJBQ0C,,0
13,ve45tzal,,0,20,19,ox,1,Results,172.16.176.137,2018-06-20 09:01:56.627540+00:00,1,AXQWKUJF7SQXP,32EYX73OY1SJR7W1F1P322CRZA7RUF,0.12,13,0,,,,,,,1,2018-06-20 09:02:21.321658+00:00,34,0.12,0.00,1,1,0,0.2,30,300,1,3,history,656wmc92,,,3566S7OX5D2RE7NUEXCBY0K7S0M71T,3YVLYSYECGO2I052WIRRU438XJBQ0C,,0
14,to3pwag1,,0,20,19,ox,1,Results,172.16.176.137,2018-06-20 09:01:58.654577+00:00,1,A3GFC0TORB3TDI,3KRVW3HTZO4CFER5LOYM120T8QNMS6,0.15,14,3,"[2, 5]",104.0,229.280792,104.0,0.915652879156529,0,,2018-06-20 09:02:19.210885+00:00,44,0.15,0.00,1,1,0,0.2,30,300,1,3,history,656wmc92,,,3566S7OX5D2RE7NUEXCBY0K7S0M71T,3YVLYSYECGO2I052WIRRU438XJBQ0C,,0
15,woea2lav,,0,20,19,ox,1,Results,172.16.176.137,2018-06-20 09:02:08.125244+00:00,1,AKX2W7899TSSJ,3EKVH9QMEZNG6L4UEGKDRU0V1IWD2C,0.43,15,7,"[14, 8, 16]",600.0,1322.7738,600.0,0.51338199513382,0,,2018-06-20 09:02:45.091897+00:00,128,0.43,0.00,1,1,0,0.2,30,300,1,3,history,656wmc92,,,3566S7OX5D2RE7NUEXCBY0K7S0M71T,3YVLYSYECGO2I052WIRRU438XJBQ0C,,0
16,8ip9lk4g,,0,20,19,ox,1,Results,172.16.176.137,2018-06-20 09:02:16.461465+00:00,1,A2S834OHCORO1W,37M28K1J0RWIEAZQ1RZ30AE6IQLAJU,0.40,16,5,"[5, 14, 8]",97.8,215.6121294,97.8,0.920681265206813,0,,2018-06-20 09:02:24.173495+00:00,119,0.4,0.00,1,1,0,0.2,30,300,1,3,history,656wmc92,,,3566S7OX5D2RE7NUEXCBY0K7S0M71T,3YVLYSYECGO2I052WIRRU438XJBQ0C,,0
17,42dev4cp,,0,20,19,ox,1,Results,172.16.176.137,2018-06-20 09:02:19.139802+00:00,1,A2J7L7S9GCPJ8V,36H9ULYP63DDA1GYC7LVEBPXF6YFJC,0.50,17,9,"[16, 11, 15]",0.0,,,,0,,2018-06-20 09:03:14.838651+00:00,148,0.5,0.00,1,1,0,0.2,30,300,1,3,history,656wmc92,,,3566S7OX5D2RE7NUEXCBY0K7S0M71T,3YVLYSYECGO2I052WIRRU438XJBQ0C,,0
18,uv5c6vx2,,0,2,19,consent,1,BlockDropouts,172.16.176.137,2018-06-20 09:02:31.450604+00:00,1,AIT1599C1IXTK,3GM6G9ZBKOGDUE4KAO3CB7WFA91MTV,0.00,18,0,,,,,,,,,,,0.00,1,1,0,0.2,30,300,1,3,history,656wmc92,,,3566S7OX5D2RE7NUEXCBY0K7S0M71T,3YVLYSYECGO2I052WIRRU438XJBQ0C,,0
19,fbza6cwd,,0,2,19,consent,1,BlockDropouts,172.16.176.137,2018-06-20 09:02:32.014329+00:00,1,A1G2UWOQCLM4B0,3QAVNHZ3ENNO90NQ4CBGGPRYMFQALW,0.00,19,0,,,,,,,,,,,0.00,1,1,0,0.2,30,300,1,3,history,656wmc92,,,3566S7OX5D2RE7NUEXCBY0K7S0M71T,3YVLYSYECGO2I052WIRRU438XJBQ0C,,0
20,2ijh2r8m,,0,20,19,ox,1,Results,172.16.176.137,2018-06-20 09:02:36.818190+00:00,1,A1EKVUFWL7OJMO,36NEMU28XGW5MV8E5T8NYR3EE3JMWL,0.53,20,9,"[11, 15, 10]",3500.0,7716.1805,3500.0,1.83860502838605,0,,2018-06-20 09:03:15.982731+00:00,159,0.53,0.00,1,1,0,0.2,30,300,1,3,history,656wmc92,,,3566S7OX5D2RE7NUEXCBY0K7S0M71T,3YVLYSYECGO2I052WIRRU438XJBQ0C,,0
21,hqn9ukjc,,0,2,19,consent,1,BlockDropouts,172.16.176.137,2018-06-20 09:02:48.007158+00:00,1,A2HVCE3UU4F3PU,3DY4FPOOA27J4ML1KRZ8YOEADHGRV4,0.00,21,0,,,,,,,,,,,0.00,1,1,0,0.2,30,300,1,3,history,656wmc92,,,3566S7OX5D2RE7NUEXCBY0K7S0M71T,3YVLYSYECGO2I052WIRRU438XJBQ0C,,0
22,2nxo7n5r,,0,20,19,ox,1,Results,172.16.176.137,2018-06-20 09:03:30.185722+00:00,1,ATQA5XDT6FQGZ,3Y5140Z9DYZT63LM8SW0E4O14XWPID,0.23,22,0,,,,,,,1,2018-06-20 09:03:52.097527+00:00,68,0.23,0.00,1,1,0,0.2,30,300,1,3,history,656wmc92,,,3566S7OX5D2RE7NUEXCBY0K7S0M71T,3YVLYSYECGO2I052WIRRU438XJBQ0C,,0
23,cij42c2c,,0,20,19,ox,1,Results,172.16.176.137,2018-06-20 09:03:45.286803+00:00,1,A4QDCBGN79832,3P529IW9KZ4J5R4YFSX8UQ2PJV3FLE,0.45,23,11,"[15, 10, 20]",0.0,,,,0,,2018-06-20 09:04:16.562537+00:00,134,0.45,0.00,1,1,0,0.2,30,300,1,3,history,656wmc92,,,3566S7OX5D2RE7NUEXCBY0K7S0M71T,3YVLYSYECGO2I052WIRRU438XJBQ0C,,0
24,ukt1u2p0,,0,20,19,ox,1,Results,172.16.176.137,2018-06-20 09:04:20.716016+00:00,1,AH5GP84SZ6DHL,3C8HJ7UOP8D9GQDJGGSUXVXWV5NMZB,0.12,24,0,,,,,,,1,2018-06-20 09:05:32.602555+00:00,35,0.12,0.00,1,1,0,0.2,30,300,1,3,history,656wmc92,,,3566S7OX5D2RE7NUEXCBY0K7S0M71T,3YVLYSYECGO2I052WIRRU438XJBQ0C,,0
25,nj523jh8,,0,20,19,ox,1,Results,172.16.176.137,2018-06-20 09:04:31.095842+00:00,1,A1SNC8UL8YFRH5,36TFCYNS45TYJHCTO1OW859P6JQHX0,0.26,25,11,"[15, 10, 20]",1200.0,1200.0,544.310750636277,0.558547647496937,1,,2018-06-20 09:05:27.046494+00:00,79,0.26,0.00,1,1,0,0.2,30,300,1,3,history,656wmc92,,,3566S7OX5D2RE7NUEXCBY0K7S0M71T,3YVLYSYECGO2I052WIRRU438XJBQ0C,,0
26,ayq6brk0,,0,20,19,ox,1,Results,172.16.176.137,2018-06-20 09:05:02.952170+00:00,1,A4H1NYJVE7C53,3DZQRBDBSMYBTSJVF6T753RN8Z6S3W,1.29,26,12,"[10, 20, 27]",1224.7,2700.0017881,1224.7,0.00673154906731545,0,,2018-06-20 09:05:27.981044+00:00,85,0.29,1.00,1,1,0,0.2,30,300,1,3,history,656wmc92,,,3566S7OX5D2RE7NUEXCBY0K7S0M71T,3YVLYSYECGO2I052WIRRU438XJBQ0C,,0
27,zhsx9710,,0,20,19,ox,1,Results,172.16.176.137,2018-06-20 09:05:29.943696+00:00,1,A1VNV1899K7L05,3NC5L260MP5RBC7VSKD0M76JE08FOV,0.00,27,10,"[11, 15, 10]",700.0,1543.2361,700.0,0.43227899432279,0,,2018-06-20 09:05:54.664474+00:00,0,0.0,0.00,1,1,0,0.2,30,300,1,3,history,656wmc92,,,3566S7OX5D2RE7NUEXCBY0K7S0M71T,3YVLYSYECGO2I052WIRRU438XJBQ0C,,0
28,4xt72ynx,,0,2,19,consent,1,BlockDropouts,172.16.176.137,2018-06-20 09:05:50.651401+00:00,1,A58D0XGXKAX56,3IUZPWIU1PQAW78BKHV7JEBAPYOKWE,0.00,28,0,,,,,,,,,,,0.00,1,1,0,0.2,30,300,1,3,history,656wmc92,,,3566S7OX5D2RE7NUEXCBY0K7S0M71T,3YVLYSYECGO2I052WIRRU438XJBQ0C,,0
29,2zvvhumh,,0,20,19,ox,1,Results,172.16.176.137,2018-06-20 09:06:46.628682+00:00,1,A2C59WG3U48S6O,3DYGAII7PMR6N195L019N6FNV7DPQG,0.00,29,12,"[20, 27, 25]",0.0,,,,0,,2018-06-20 09:07:36.763876+00:00,0,0.0,0.00,1,1,0,0.2,30,300,1,3,history,656wmc92,,,3566S7OX5D2RE7NUEXCBY0K7S0M71T,3YVLYSYECGO2I052WIRRU438XJBQ0C,,0
30,pqocsdq1,,0,20,19,ox,1,Results,172.16.176.137,2018-06-20 09:07:18.362199+00:00,1,A27T5O2Y7AIH6T,3GLB5JMZFYE6LFC1DV52TYUWB11DGV,0.00,30,12,"[27, 25, 26]",0.0,,,,0,,2018-06-20 09:08:07.746784+00:00,0,0.0,0.00,1,1,0,0.2,30,300,1,3,history,656wmc92,,,3566S7OX5D2RE7NUEXCBY0K7S0M71T,3YVLYSYECGO2I052WIRRU438XJBQ0C,,0
31,k8jqmsnp,,0,20,19,ox,1,Results,172.16.176.137,2018-06-20 09:08:48.526173+00:00,1,A317RA15E0SZ4P,3NPI0JQDAPOJFH1X24V4SBQAFECPTU,0.00,31,13,"[27, 25, 26]",600.0,1322.7738,600.0,0.51338199513382,0,,2018-06-20 09:09:27.470051+00:00,0,0.0,0.00,1,1,0,0.2,30,300,1,3,history,656wmc92,,,3566S7OX5D2RE7NUEXCBY0K7S0M71T,3YVLYSYECGO2I052WIRRU438XJBQ0C,,0
32,bpvgoqin,,0,20,19,ox,1,Results,172.16.176.137,2018-06-20 09:09:58.388085+00:00,1,A2K0ZIL8MS0N3E,3WEV0KO0ONB9BKLS8VZJICDZZCVSDU,0.00,32,14,"[25, 26, 31]",1000.0,2204.623,1000.0,0.1889699918897,0,,2018-06-20 09:10:35.699601+00:00,0,0.0,0.00,1,1,0,0.2,30,300,1,3,history,656wmc92,,,3566S7OX5D2RE7NUEXCBY0K7S0M71T,3YVLYSYECGO2I052WIRRU438XJBQ0C,,0
33,mfj0y2c9,,0,20,19,ox,1,Results,172.16.176.137,2018-06-20 09:10:21.948869+00:00,1,A389UKK5Y8REOQ,3J88R45B2HHQWYAH7EW1HEBGSA0PXD,0.01,33,15,"[26, 31, 32]",1000.0,2204.623,1000.0,0.1889699918897,0,,2018-06-20 09:11:10.441217+00:00,3,0.01,0.00,1,1,0,0.2,30,300,1,3,history,656wmc92,,,3566S7OX5D2RE7NUEXCBY0K7S0M71T,3YVLYSYECGO2I052WIRRU438XJBQ0C,,0
34,8jyaj2pf,,0,2,19,consent,1,BlockDropouts,172.16.176.137,2018-06-20 09:10:25.950848+00:00,1,A2K56J9POYUFCA,378XPAWRUDWMJZFKJ9E3O9Z65BWIAQ,0.00,34,0,,,,,,,,,,,0.00,1,1,0,0.2,30,300,1,3,history,656wmc92,,,3566S7OX5D2RE7NUEXCBY0K7S0M71T,3YVLYSYECGO2I052WIRRU438XJBQ0C,,0
35,w3ookgvk,,0,20,19,ox,1,Results,172.16.176.137,2018-06-20 09:11:44.117408+00:00,1,A1527SJID947BJ,39LNWE0K4VF6Y8TIPEVUOAB0CEOUIE,0.12,35,17,"[32, 33, 36]",1000.0,2204.623,1000.0,0.1889699918897,0,,2018-06-20 09:12:01.370008+00:00,35,0.12,0.00,1,1,0,0.2,30,300,1,3,history,656wmc92,,,3566S7OX5D2RE7NUEXCBY0K7S0M71T,3YVLYSYECGO2I052WIRRU438XJBQ0C,,0
36,h8le9vsv,,0,20,19,ox,1,Results,172.16.176.137,2018-06-20 09:11:51.996672+00:00,1,APQMFEY1KUL6A,317HQ483I8BT3I99SDJ8AFJ64IVNIF,0.00,36,16,"[31, 32, 33]",1000.0,2204.623,1000.0,0.1889699918897,0,,2018-06-20 09:11:59.069316+00:00,0,0.0,0.00,1,1,0,0.2,30,300,1,3,history,656wmc92,,,3566S7OX5D2RE7NUEXCBY0K7S0M71T,3YVLYSYECGO2I052WIRRU438XJBQ0C,,0
37,l5gcl73b,,0,20,19,ox,1,Results,172.16.176.137,2018-06-20 09:11:55.946198+00:00,1,AHFEDGGIOG8DK,39ZSFO5CA9F2TJDO7WGU0BQ0PTDUJQ,0.19,37,17,"[33, 36, 35]",0.0,,,,0,,2018-06-20 09:12:07.178924+00:00,57,0.19,0.00,1,1,0,0.2,30,300,1,3,history,656wmc92,,,3566S7OX5D2RE7NUEXCBY0K7S0M71T,3YVLYSYECGO2I052WIRRU438XJBQ0C,,0
38,qu8jke3m,,0,20,19,ox,1,Results,172.16.176.137,2018-06-20 09:13:02.619871+00:00,1,A144E4UEZ4AGM3,3ZSANO2JCGQ694ZOZ1U96CGKBPBSF5,0.12,38,0,,,,,,,1,2018-06-20 09:13:07.918797+00:00,35,0.12,0.00,1,1,0,0.2,30,300,1,3,history,656wmc92,,,3566S7OX5D2RE7NUEXCBY0K7S0M71T,3YVLYSYECGO2I052WIRRU438XJBQ0C,,0
39,tixdc0jd,,0,20,19,ox,1,Results,172.16.176.137,2018-06-20 09:13:55.429812+00:00,1,A2C8ORKQRSP0GX,378XPAWRUDWMJZFKJ9E3O9Z65BWIAQ,0.00,39,19,"[36, 35, 40]",500.0,1102.3115,500.0,0.59448499594485,0,,2018-06-20 09:15:57.421251+00:00,0,0.0,0.00,1,1,0,0.2,30,300,1,3,history,656wmc92,,,3566S7OX5D2RE7NUEXCBY0K7S0M71T,3YVLYSYECGO2I052WIRRU438XJBQ0C,,0
40,6z1jbqcm,,0,20,19,ox,1,Results,172.16.176.137,2018-06-20 09:14:27.785958+00:00,1,A23C0K84LJ5ZV3,38SKSKU7R2G3FI6OG03TXNFHZNVLIB,1.00,40,18,"[33, 36, 35]",1200.0,2645.5476,1200.0,0.0267639902676399,0,,2018-06-20 09:14:41.174248+00:00,0,0.0,1.00,1,1,0,0.2,30,300,1,3,history,656wmc92,,,3566S7OX5D2RE7NUEXCBY0K7S0M71T,3YVLYSYECGO2I052WIRRU438XJBQ0C,,0
41,lw57wsaj,,0,20,19,ox,1,Results,172.16.176.137,2018-06-20 09:16:09.680985+00:00,1,A142CND4VJ9JWD,386PBUZZXGGZATQUYIOT9OUHC2KLJN,0.07,41,20,"[35, 40, 39]",1000.0,2204.623,1000.0,0.1889699918897,0,,2018-06-20 09:16:31.563121+00:00,19,0.07,0.00,1,1,0,0.2,30,300,1,3,history,656wmc92,,,3566S7OX5D2RE7NUEXCBY0K7S0M71T,3YVLYSYECGO2I052WIRRU438XJBQ0C,,0
42,5jbuyaef,,0,20,19,ox,1,Results,172.16.176.137,2018-06-20 09:16:17.839646+00:00,1,A2IQPCAZH3Z2YH,3TXMY6UCAF7NTC01GVF336GGWOYQC3,0.13,42,21,"[40, 39, 41]",1100.0,1100.0,498.951521416587,0.595335343538859,1,,2018-06-20 09:16:35.733361+00:00,37,0.13,0.00,1,1,0,0.2,30,300,1,3,history,656wmc92,,,3566S7OX5D2RE7NUEXCBY0K7S0M71T,3YVLYSYECGO2I052WIRRU438XJBQ0C,,0
43,vhy7sv54,,0,20,19,ox,1,Results,172.16.176.137,2018-06-20 09:16:17.995110+00:00,1,AMYURTQIMAC8T,3II4UPYCOKQXY46FGRAENCYYHOAQD3,0.27,43,21,"[39, 41, 42]",0.0,,,,0,,2018-06-20 09:16:36.392465+00:00,81,0.27,0.00,1,1,0,0.2,30,300,1,3,history,656wmc92,,,3566S7OX5D2RE7NUEXCBY0K7S0M71T,3YVLYSYECGO2I052WIRRU438XJBQ0C,,0
44,miuf9733,,0,20,19,ox,1,Results,172.16.176.137,2018-06-20 09:16:52.336126+00:00,1,AKU8W6XB2OWVZ,3RU7GD8VPPCI0HOID4QEI6UODVYSP8,1.36,44,22,"[39, 41, 42]",1230.0,2711.68629,1230.0,0.0024330900243309,0,,2018-06-20 09:17:13.365871+00:00,107,0.36,1.00,1,1,0,0.2,30,300,1,3,history,656wmc92,,,3566S7OX5D2RE7NUEXCBY0K7S0M71T,3YVLYSYECGO2I052WIRRU438XJBQ0C,,0
45,45qpedp0,,0,20,19,ox,1,Results,172.16.176.137,2018-06-20 09:17:16.824315+00:00,1,ACAD54DT9FU7U,3RUIQRXJBC755JEU1306P379GRPLLP,0.37,45,22,"[41, 42, 44]",0.0,,,,0,,2018-06-20 09:18:05.882895+00:00,110,0.37,0.00,1,1,0,0.2,30,300,1,3,history,656wmc92,,,3566S7OX5D2RE7NUEXCBY0K7S0M71T,3YVLYSYECGO2I052WIRRU438XJBQ0C,,0
46,n4tmo7pa,,0,20,19,ox,1,Results,172.16.176.137,2018-06-20 09:19:31.652631+00:00,1,A13ODGEOEI0FCS,317HQ483I8BT3I99SDJ8AFJ64IVINA,0.24,46,23,"[41, 42, 44]",2204.6,2204.6,999.989567377279,0.18897845305979,1,,2018-06-20 09:19:45.106456+00:00,73,0.24,0.00,1,1,0,0.2,30,300,1,3,history,656wmc92,,,3566S7OX5D2RE7NUEXCBY0K7S0M71T,3YVLYSYECGO2I052WIRRU438XJBQ0C,,0
47,y4rrm3gj,,0,20,19,ox,1,Results,172.16.176.137,2018-06-20 09:20:53.125180+00:00,1,A1V2DVUZE431GV,3DUZQ9U6SN7V51LEZGZDOYJ6ZJZSVT,0.00,47,23,"[42, 44, 46]",0.0,,,,0,,2018-06-20 09:22:38.398602+00:00,0,0.0,0.00,1,1,0,0.2,30,300,1,3,history,656wmc92,,,3566S7OX5D2RE7NUEXCBY0K7S0M71T,3YVLYSYECGO2I052WIRRU438XJBQ0C,,0
48,xs5jc0nb,,0,2,19,consent,1,BlockDropouts,172.16.176.137,2018-06-20 09:23:37.232361+00:00,1,A191V8LNTTLHSA,3L4PIM1GQUZ08GG6P2MS5NI4VYIYRK,0.00,48,0,,,,,,,,,,,0.00,1,1,0,0.2,30,300,1,3,history,656wmc92,,,3566S7OX5D2RE7NUEXCBY0K7S0M71T,3YVLYSYECGO2I052WIRRU438XJBQ0C,,0
49,yfm13mfz,,0,20,19,ox,1,Results,172.16.176.137,2018-06-20 09:24:46.206018+00:00,1,A3F7LBV636PIGR,3TUI152ZZC6369Q30YQJMAXPSR81QP,0.05,49,23,"[42, 44, 46]",0.0,,,,0,,2018-06-20 09:26:25.974457+00:00,14,0.05,0.00,1,1,0,0.2,30,300,1,3,history,656wmc92,,,3566S7OX5D2RE7NUEXCBY0K7S0M71T,3YVLYSYECGO2I052WIRRU438XJBQ0C,,0
50,vti0ip2l,,0,20,19,ox,1,Results,172.16.176.137,2018-06-20 09:25:18.993432+00:00,1,AOLLFRJYOTVO1,39RP059MEICDYSA3A2CRBDQT422BMV,0.00,50,23,"[42, 44, 46]",0.0,,,,0,,2018-06-20 09:25:39.674287+00:00,0,0.0,0.00,1,1,0,0.2,30,300,1,3,history,656wmc92,,,3566S7OX5D2RE7NUEXCBY0K7S0M71T,3YVLYSYECGO2I052WIRRU438XJBQ0C,,0
51,fgrdw2ge,,0,20,19,ox,1,Results,172.16.176.137,2018-06-20 09:29:55.240594+00:00,1,A33JXCASTTXV5J,345LHZDEDYBR85BZ4BO7K49BTWS3UO,1.00,51,24,"[42, 44, 46]",2717.7,2717.7,1232.72777250351,0.000220784668688451,1,,2018-06-20 09:30:39.403948+00:00,0,0.0,1.00,1,1,0,0.2,30,300,1,3,history,656wmc92,,,3566S7OX5D2RE7NUEXCBY0K7S0M71T,3YVLYSYECGO2I052WIRRU438XJBQ0C,,0
52,zguz6qhp,,0,20,19,ox,1,Results,172.16.176.137,2018-06-20 09:34:21.026722+00:00,1,A16HYTYJAVIDYN,3L4PIM1GQUZ08GG6P2MS5NI4VYIYRK,0.00,52,24,"[44, 46, 51]",0.0,,,,0,,2018-06-20 09:35:17.253613+00:00,0,0.0,0.00,1,1,0,0.2,30,300,1,3,history,656wmc92,,,3566S7OX5D2RE7NUEXCBY0K7S0M71T,3YVLYSYECGO2I052WIRRU438XJBQ0C,,0
53,2fm2pifi,,0,20,19,ox,1,Results,172.16.176.137,2018-06-20 09:38:16.636204+00:00,1,A3PXF930VZ25QB,3O6CYIULEEKOZ3DNEVZ9P1K8RPNUWM,0.00,53,24,"[44, 46, 51]",0.0,,,,0,,2018-06-20 09:38:44.561668+00:00,0,0.0,0.00,1,1,0,0.2,30,300,1,3,history,656wmc92,,,3566S7OX5D2RE7NUEXCBY0K7S0M71T,3YVLYSYECGO2I052WIRRU438XJBQ0C,,0
54,8b8hr31n,,0,20,19,ox,1,Results,172.16.176.137,2018-06-20 09:39:26.576454+00:00,1,ADC4VXNQJ9FEW,3Y5140Z9DYZT63LM8SW0E4O14XXIP7,0.00,54,24,"[44, 46, 51]",0.0,,,,0,,2018-06-20 09:39:55.369068+00:00,0,0.0,0.00,1,1,0,0.2,30,300,1,3,history,656wmc92,,,3566S7OX5D2RE7NUEXCBY0K7S0M71T,3YVLYSYECGO2I052WIRRU438XJBQ0C,,0
55,fmswo1dc,,0,20,19,ox,1,Results,172.16.176.137,2018-06-20 09:40:24.088487+00:00,1,A36UZHVNGAP6R6,3FE7TXL1LJ6AVU8ZJ2QXRT7UKXMQ2V,0.09,55,26,"[46, 51, 56]",2000.0,2000.0,907.184584393794,0.264246079161562,1,,2018-06-20 09:41:04.665031+00:00,25,0.09,0.00,1,1,0,0.2,30,300,1,3,history,656wmc92,,,3566S7OX5D2RE7NUEXCBY0K7S0M71T,3YVLYSYECGO2I052WIRRU438XJBQ0C,,0
56,b2af4zjz,,0,20,19,ox,1,Results,172.16.176.137,2018-06-20 09:40:57.074900+00:00,1,A2LFM01A16YPKG,39GAF6DQWSJVBHMKMXKTSXWX9JNV1D,1.00,56,25,"[44, 46, 51]",2680.2,2680.2,1215.71806154612,0.0140161706844091,1,,2018-06-20 09:41:03.189624+00:00,0,0.0,1.00,1,1,0,0.2,30,300,1,3,history,656wmc92,,,3566S7OX5D2RE7NUEXCBY0K7S0M71T,3YVLYSYECGO2I052WIRRU438XJBQ0C,,0
57,sskbnjyd,,0,2,19,consent,1,BlockDropouts,172.16.176.137,2018-06-20 09:42:21.506065+00:00,1,AJQ4T7IRHIY3,3FUI0JHJPYH79BYGPRS6XVJBGJ933H,0.00,57,0,,,,,,,,,,,0.00,1,1,0,0.2,30,300,1,3,history,656wmc92,,,3566S7OX5D2RE7NUEXCBY0K7S0M71T,3YVLYSYECGO2I052WIRRU438XJBQ0C,,0
58,67hmgiz9,,0,20,19,ox,1,Results,172.16.176.137,2018-06-20 09:44:56.970451+00:00,1,AXKM85DGEKNO5,3LYA37P8IR6I84A0PQZBW0YPFX8BKR,1.00,58,27,"[51, 56, 55]",1232.7,2717.6387721,1232.7,0.000243309002433053,0,,2018-06-20 09:45:32.638902+00:00,0,0.0,1.00,1,1,0,0.2,30,300,1,3,history,656wmc92,,,3566S7OX5D2RE7NUEXCBY0K7S0M71T,3YVLYSYECGO2I052WIRRU438XJBQ0C,,0
59,3idsjrag,,0,20,19,ox,1,Results,172.16.176.137,2018-06-20 09:45:15.554792+00:00,1,A9HVFM0YUY00Q,304SM51WA4NGWNN8UZ8DNMPZWRLBS8,0.08,59,28,"[56, 55, 58]",1050.0,2314.85415,1050.0,0.148418491484185,0,,2018-06-20 09:45:56.689660+00:00,25,0.08,0.00,1,1,0,0.2,30,300,1,3,history,656wmc92,,,3566S7OX5D2RE7NUEXCBY0K7S0M71T,3YVLYSYECGO2I052WIRRU438XJBQ0C,,0
60,ynnuffx6,,0,20,19,ox,1,Results,172.16.176.137,2018-06-20 09:47:37.009703+00:00,1,A3LE6B5ITOGOZB,32SVAV9L3GS7TWX1Y67GK3XHMT1A3K,0.00,60,29,"[55, 58, 59]",907.2,2000.0339856,907.2,0.264233576642336,0,,2018-06-20 09:48:07.171169+00:00,0,0.0,0.00,1,1,0,0.2,30,300,1,3,history,656wmc92,,,3566S7OX5D2RE7NUEXCBY0K7S0M71T,3YVLYSYECGO2I052WIRRU438XJBQ0C,,0
61,dcs2sirs,,0,2,19,consent,1,BlockDropouts,172.16.176.137,2018-06-20 09:48:23.821690+00:00,1,A2VQSK29ROH94W,3SNVL38CI5B1I9263QV67K47XI8KC7,0.00,61,0,,,,,,,,,,,0.00,1,1,0,0.2,30,300,1,3,history,656wmc92,,,3566S7OX5D2RE7NUEXCBY0K7S0M71T,3YVLYSYECGO2I052WIRRU438XJBQ0C,,0
62,l1jprdnt,,0,20,19,ox,1,Results,172.16.176.137,2018-06-20 09:53:00.703173+00:00,1,ABMMFGRR6VFC,3NXNZ5RS1BGBPWOJ8CW61PYDLE697C,0.00,62,30,"[58, 59, 60]",3000.0,3000.0,1360.77687659069,0.103630881257657,1,,2018-06-20 09:53:23.004072+00:00,0,0.0,0.00,1,1,0,0.2,30,300,1,3,history,656wmc92,,,3566S7OX5D2RE7NUEXCBY0K7S0M71T,3YVLYSYECGO2I052WIRRU438XJBQ0C,,0
63,jqgfwcx6,,0,20,19,ox,1,Results,172.16.176.137,2018-06-20 09:53:25.878960+00:00,1,A2FWMAJ0Z92JAY,3IXQG4FA2UHYR8R9LT8M6RK944X9BY,0.09,63,31,"[60, 62, 64]",0.0,,,,0,,2018-06-20 09:54:18.756316+00:00,27,0.09,0.00,1,1,0,0.2,30,300,1,3,history,656wmc92,,,3566S7OX5D2RE7NUEXCBY0K7S0M71T,3YVLYSYECGO2I052WIRRU438XJBQ0C,,0
64,ut7it6m5,,0,20,19,ox,1,Results,172.16.176.137,2018-06-20 09:53:50.131463+00:00,1,A1KYIL2MTF47U3,3EF8EXOTT2EMKMMQ586AP9L3EXI1J2,0.00,64,31,"[59, 60, 62]",1400.0,3086.4722,1400.0,0.13544201135442,0,,2018-06-20 09:54:10.821828+00:00,0,0.0,0.00,1,1,0,0.2,30,300,1,3,history,656wmc92,,,3566S7OX5D2RE7NUEXCBY0K7S0M71T,3YVLYSYECGO2I052WIRRU438XJBQ0C,,0
65,gqjeurck,,0,20,19,ox,1,Results,172.16.176.137,2018-06-20 09:54:45.393305+00:00,1,A3Q45WBMR8A0N2,3YW4XOSQKR4VY2XKH7AOWBUEVCFU1O,0.18,65,32,"[60, 62, 64]",3086.5,3086.5,1400.01260986572,0.13545223833392,1,,2018-06-20 09:54:56.530904+00:00,55,0.18,0.00,1,1,0,0.2,30,300,1,3,history,656wmc92,,,3566S7OX5D2RE7NUEXCBY0K7S0M71T,3YVLYSYECGO2I052WIRRU438XJBQ0C,,0
66,kam7ax9n,,0,20,19,ox,1,Results,172.16.176.137,2018-06-20 09:58:37.716947+00:00,1,A2HI8UBLE44QQX,304SM51WA4NGWNN8UZ8DNMPZWSMSBS,0.00,66,33,"[62, 64, 65]",1400.0,3086.4722,1400.0,0.13544201135442,0,,2018-06-20 09:59:27.729685+00:00,0,0.0,0.00,1,1,0,0.2,30,300,1,3,history,656wmc92,,,3566S7OX5D2RE7NUEXCBY0K7S0M71T,3YVLYSYECGO2I052WIRRU438XJBQ0C,,0
67,4q0f9wbh,,0,2,19,consent,1,BlockDropouts,172.16.176.137,2018-06-20 09:58:48.494222+00:00,1,A1UIMEZ5QBCDR7,31QNSG6A5SCBBR593KQS1T3218O87M,0.00,67,0,,,,,,,,,,,0.00,1,1,0,0.2,30,300,1,3,history,656wmc92,,,3566S7OX5D2RE7NUEXCBY0K7S0M71T,3YVLYSYECGO2I052WIRRU438XJBQ0C,,0
68,n6yr7xtb,,0,20,19,ox,1,Results,172.16.176.137,2018-06-20 09:59:31.940120+00:00,1,A1CFE35XYUZ2DC,3LOTDFNYA8IZGLGXJ64A31J5H3AFWC,1.00,68,34,"[64, 65, 66]",1300.0,2866.0099,1300.0,0.0543390105433901,0,,2018-06-20 10:00:37.219822+00:00,0,0.0,1.00,1,1,0,0.2,30,300,1,3,history,656wmc92,,,3566S7OX5D2RE7NUEXCBY0K7S0M71T,3YVLYSYECGO2I052WIRRU438XJBQ0C,,0
69,l0wih68v,,0,20,19,ox,1,Results,172.16.176.137,2018-06-20 10:01:06.807780+00:00,1,A3BYL68EBVYTOV,3KJYX6QCMAU26Y2OCMQZWXSJ31PVJL,0.00,69,35,"[65, 66, 68]",3086.0,3086.0,1399.78581371962,0.13526829985371,1,,2018-06-20 10:01:42.341527+00:00,0,0.0,0.00,1,1,0,0.2,30,300,1,3,history,656wmc92,,,3566S7OX5D2RE7NUEXCBY0K7S0M71T,3YVLYSYECGO2I052WIRRU438XJBQ0C,,0
70,fp5tzmzb,,0,20,19,ox,1,Results,172.16.176.137,2018-06-20 10:03:00.680058+00:00,1,A38R689MVZST8Q,3WOKGM4L72Z0E8S5P2UFJ0JF8ZN0OI,1.00,70,36,"[66, 68, 69]",1300.0,2866.0099,1300.0,0.0543390105433901,0,,2018-06-20 10:04:21.900217+00:00,0,0.0,1.00,1,1,0,0.2,30,300,1,3,history,656wmc92,,,3566S7OX5D2RE7NUEXCBY0K7S0M71T,3YVLYSYECGO2I052WIRRU438XJBQ0C,,0
71,699lro1g,,0,20,19,ox,1,Results,172.16.176.137,2018-06-20 10:04:07.893596+00:00,1,A26W67Y40D5CY9,33SA9F9TRYD7A7G1OVK4LJY552VWEB,1.12,71,37,"[68, 69, 70]",1350.0,2976.24105,1350.0,0.0948905109489051,0,,2018-06-20 10:04:36.621258+00:00,37,0.12,1.00,1,1,0,0.2,30,300,1,3,history,656wmc92,,,3566S7OX5D2RE7NUEXCBY0K7S0M71T,3YVLYSYECGO2I052WIRRU438XJBQ0C,,0
72,ilx590aa,,0,20,19,ox,1,Results,172.16.176.137,2018-06-20 10:06:45.354746+00:00,1,A748ETX7W2MBZ,3ZAK8W07I5XVRDC2LO6OI6B4QLB0UV,0.00,72,38,"[69, 70, 71]",2866.0,6318.449518,2866.0,1.32441200324412,0,,2018-06-20 10:07:55.443149+00:00,0,0.0,0.00,1,1,0,0.2,30,300,1,3,history,656wmc92,,,3566S7OX5D2RE7NUEXCBY0K7S0M71T,3YVLYSYECGO2I052WIRRU438XJBQ0C,,0
73,zyxyxvl1,,0,2,19,consent,1,BlockDropouts,172.16.176.137,2018-06-20 10:08:40.678964+00:00,1,A36MOV8E6SYHCR,3Z7ISHFUH1EUV1BFMFIBSDW1B11Z85,0.00,73,0,,,,,,,,,,,0.00,1,1,0,0.2,30,300,1,3,history,656wmc92,,,3566S7OX5D2RE7NUEXCBY0K7S0M71T,3YVLYSYECGO2I052WIRRU438XJBQ0C,,0
74,x84neqm1,,0,20,19,ox,1,Results,172.16.176.137,2018-06-20 10:08:48.649849+00:00,1,A17SRXUZ1ZWLMM,345LHZDEDYBR85BZ4BO7K49BTXV3UT,0.00,74,39,"[70, 71, 72]",2976.2,6561.3989726,2976.2,1.41378751013787,0,,2018-06-20 10:09:43.753183+00:00,0,0.0,0.00,1,1,0,0.2,30,300,1,3,history,656wmc92,,,3566S7OX5D2RE7NUEXCBY0K7S0M71T,3YVLYSYECGO2I052WIRRU438XJBQ0C,,0
75,yygqaeai,,0,20,19,ox,1,Results,172.16.176.137,2018-06-20 10:11:08.950382+00:00,1,ACN8N7V5QNSSS,3PJ71Z61R5LXEA9HJWFX0F70IS7198,0.13,75,40,"[72, 74, 76]",0.0,,,,0,,2018-06-20 10:12:07.462496+00:00,38,0.13,0.00,1,1,0,0.2,30,300,1,3,history,656wmc92,,,3566S7OX5D2RE7NUEXCBY0K7S0M71T,3YVLYSYECGO2I052WIRRU438XJBQ0C,,0
76,rbeqtfjw,,0,20,19,ox,1,Results,172.16.176.137,2018-06-20 10:11:30.402772+00:00,1,A29U6TV3GMRBB5,3ZR9AIQJUCSWAFIN6IF652DAR8N40C,0.00,76,40,"[71, 72, 74]",2988.0,6587.413524,2988.0,1.42335766423358,0,,2018-06-20 10:11:43.636243+00:00,0,0.0,0.00,1,1,0,0.2,30,300,1,3,history,656wmc92,,,3566S7OX5D2RE7NUEXCBY0K7S0M71T,3YVLYSYECGO2I052WIRRU438XJBQ0C,,0
77,4yc0ek65,,0,2,19,consent,1,BlockDropouts,172.16.176.137,2018-06-20 10:12:13.472426+00:00,1,A8WCOWORZNP09,3EG49X351VVIMSSCSIXSBEKZX6DX6K,0.00,77,0,,,,,,,,,,,0.00,1,1,0,0.2,30,300,1,3,history,656wmc92,,,3566S7OX5D2RE7NUEXCBY0K7S0M71T,3YVLYSYECGO2I052WIRRU438XJBQ0C,,0
78,aw5wol4q,,0,20,19,ox,1,Results,172.16.176.137,2018-06-20 10:12:59.052948+00:00,1,A2WGW5Y3ZFBDEC,3SUWZRL0MZW9GS1VXD70NPZSH03E6T,0.10,78,41,"[72, 74, 76]",1000.0,1000.0,453.592292196897,0.632123039580781,1,,2018-06-20 10:13:17.518297+00:00,29,0.1,0.00,1,1,0,0.2,30,300,1,3,history,656wmc92,,,3566S7OX5D2RE7NUEXCBY0K7S0M71T,3YVLYSYECGO2I052WIRRU438XJBQ0C,,0
79,61mwtxt4,,0,20,19,ox,1,Results,172.16.176.137,2018-06-20 10:13:38.091071+00:00,1,A1DXFMUVK5015A,3L6L49WXW1GV5M4O3OLIMX918GY45X,1.06,79,42,"[74, 76, 78]",1220.0,2689.64006,1220.0,0.0105433901054339,0,,2018-06-20 10:14:06.269763+00:00,19,0.06,1.00,1,1,0,0.2,30,300,1,3,history,656wmc92,,,3566S7OX5D2RE7NUEXCBY0K7S0M71T,3YVLYSYECGO2I052WIRRU438XJBQ0C,,0
80,nkf079z5,,0,20,19,ox,1,Results,172.16.176.137,2018-06-20 10:14:28.222878+00:00,1,A21JTY4NPNVRPB,324G5B4FB4RTT2068GDD8EXKIAD70Z,1.01,80,43,"[76, 78, 79]",1220.0,2689.64006,1220.0,0.0105433901054339,0,,2018-06-20 10:15:08.785489+00:00,2,0.01,1.00,1,1,0,0.2,30,300,1,3,history,656wmc92,,,3566S7OX5D2RE7NUEXCBY0K7S0M71T,3YVLYSYECGO2I052WIRRU438XJBQ0C,,0
81,d73jd4v1,,0,20,19,ox,1,Results,172.16.176.137,2018-06-20 10:15:08.541931+00:00,1,AXS9LTZ30XHO9,3E13VNJ1NOEQPB2KNQLAD8631IU1IR,0.10,81,43,"[78, 79, 80]",0.0,,,,0,,2018-06-20 10:15:21.217474+00:00,30,0.1,0.00,1,1,0,0.2,30,300,1,3,history,656wmc92,,,3566S7OX5D2RE7NUEXCBY0K7S0M71T,3YVLYSYECGO2I052WIRRU438XJBQ0C,,0
82,6yh17hgi,,0,20,19,ox,1,Results,172.16.176.137,2018-06-20 10:17:02.463536+00:00,1,A7YQOBGDXPAT3,31LM9EDVOMBPYTTFAV48MGY6HYOJNT,0.00,82,43,"[78, 79, 80]",0.0,,,,0,,2018-06-20 10:17:38.041349+00:00,0,0.0,0.00,1,1,0,0.2,30,300,1,3,history,656wmc92,,,3566S7OX5D2RE7NUEXCBY0K7S0M71T,3YVLYSYECGO2I052WIRRU438XJBQ0C,,0
83,h8z1fqx7,,0,20,19,ox,1,Results,172.16.176.137,2018-06-20 10:21:09.959730+00:00,1,A1EKZLS151S8EP,3YGXWBAF710G47D3IY8Q03FB0XKC4D,0.00,83,44,"[78, 79, 80]",1200.0,1200.0,544.310750636277,0.558547647496937,1,,2018-06-20 10:21:49.648581+00:00,0,0.0,0.00,1,1,0,0.2,30,300,1,3,history,656wmc92,,,3566S7OX5D2RE7NUEXCBY0K7S0M71T,3YVLYSYECGO2I052WIRRU438XJBQ0C,,0
84,vgg8rffe,,0,20,19,ox,1,Results,172.16.176.137,2018-06-20 10:27:47.104084+00:00,1,AGK30V341UN88,3WETL7AQWURANQLK3AGZCSHVUG253D,1.00,84,45,"[79, 80, 83]",1220.0,2689.64006,1220.0,0.0105433901054339,0,,2018-06-20 10:29:01.307088+00:00,0,0.0,1.00,1,1,0,0.2,30,300,1,3,history,656wmc92,,,3566S7OX5D2RE7NUEXCBY0K7S0M71T,3YVLYSYECGO2I052WIRRU438XJBQ0C,,0
85,hjitkkq1,,0,20,19,ox,1,Results,172.16.176.137,2018-06-20 10:31:04.579968+00:00,1,A3D1L580FAK35L,3LRLIPTPERSDPU58JCZF1PEJXGPAKZ,0.15,85,47,"[83, 84, 86]",1600.0,3527.3968,1600.0,0.29764801297648,0,,2018-06-20 10:32:10.040858+00:00,43,0.15,0.00,1,1,0,0.2,30,300,1,3,history,656wmc92,,,3566S7OX5D2RE7NUEXCBY0K7S0M71T,3YVLYSYECGO2I052WIRRU438XJBQ0C,,0
86,qkgvz14o,,0,20,19,ox,1,Results,172.16.176.137,2018-06-20 10:31:33.022218+00:00,1,A2JA19C4Y5JZD3,3TE3O85731RA7VNZWHFXWJHZGKR2RD,0.00,86,46,"[80, 83, 84]",5.0,11.023115,5.0,0.995944849959449,0,,2018-06-20 10:31:51.818809+00:00,0,0.0,0.00,1,1,0,0.2,30,300,1,3,history,656wmc92,,,3566S7OX5D2RE7NUEXCBY0K7S0M71T,3YVLYSYECGO2I052WIRRU438XJBQ0C,,0
87,mo623ceg,,0,2,19,consent,1,BlockDropouts,172.16.176.137,2018-06-20 10:31:39.360222+00:00,1,A1K8D3H6T1B2C8,39K0FND3AIY8FI5B4OCVG26NMLKAM4,0.00,87,0,,,,,,,,,,,0.00,1,1,0,0.2,30,300,1,3,history,656wmc92,,,3566S7OX5D2RE7NUEXCBY0K7S0M71T,3YVLYSYECGO2I052WIRRU438XJBQ0C,,0
88,s5wfbgd7,,0,20,19,ox,1,Results,172.16.176.137,2018-06-20 10:32:34.354473+00:00,1,AAJ121M08S5KD,3TPZPLC3M1VEG033NPPDAYMCLG3P3J,0.11,88,0,,,,,,,1,2018-06-20 10:32:43.058900+00:00,34,0.11,0.00,1,1,0,0.2,30,300,1,3,history,656wmc92,,,3566S7OX5D2RE7NUEXCBY0K7S0M71T,3YVLYSYECGO2I052WIRRU438XJBQ0C,,0
89,53df0cqm,,0,20,19,ox,1,Results,172.16.176.137,2018-06-20 10:32:35.812324+00:00,1,A199PKW9OWJOQV,3KMS4QQVK398LLMGUSL7FQPAUW2KFM,0.16,89,47,"[84, 86, 85]",0.0,,,,0,,2018-06-20 10:33:07.058201+00:00,48,0.16,0.00,1,1,0,0.2,30,300,1,3,history,656wmc92,,,3566S7OX5D2RE7NUEXCBY0K7S0M71T,3YVLYSYECGO2I052WIRRU438XJBQ0C,,0
90,50v8nmc8,,0,20,19,ox,1,Results,172.16.176.137,2018-06-20 10:33:28.465263+00:00,1,AVJUIF9QHQRY8,3PWWM24LHTH4PQ83X89X52MUQS3827,0.22,90,48,"[84, 86, 85]",819.0,1805.586237,819.0,0.335766423357664,0,,2018-06-20 10:33:51.571249+00:00,67,0.22,0.00,1,1,0,0.2,30,300,1,3,history,656wmc92,,,3566S7OX5D2RE7NUEXCBY0K7S0M71T,3YVLYSYECGO2I052WIRRU438XJBQ0C,,0
91,xca6odyu,,0,20,19,ox,1,Results,172.16.176.137,2018-06-20 10:34:13.946723+00:00,1,A2L7DHRMHRED6S,3X4MXAO0BH7WJBL6A144KQXOKRMRWK,0.14,91,0,,,,,,,1,2018-06-20 10:34:55.005780+00:00,43,0.14,0.00,1,1,0,0.2,30,300,1,3,history,656wmc92,,,3566S7OX5D2RE7NUEXCBY0K7S0M71T,3YVLYSYECGO2I052WIRRU438XJBQ0C,,0
92,dpdxqj8t,,0,20,19,ox,1,Results,172.16.176.137,2018-06-20 10:34:50.455556+00:00,1,A2JUGUSPHYNFWL,36H9ULYP63DDA1GYC7LVEBPXF72FJI,0.16,92,48,"[86, 85, 90]",0.0,,,,0,,2018-06-20 10:35:11.452990+00:00,48,0.16,0.00,1,1,0,0.2,30,300,1,3,history,656wmc92,,,3566S7OX5D2RE7NUEXCBY0K7S0M71T,3YVLYSYECGO2I052WIRRU438XJBQ0C,,0
93,sjk0qmm7,,0,20,19,ox,1,Results,172.16.176.137,2018-06-20 10:40:11.551263+00:00,1,A3RHFUBEK3JC4V,3QEMNNSB2YINSM10KS18NLH3CZMD7Y,0.00,93,49,"[86, 85, 90]",2100.0,2100.0,952.543813613484,0.22745838311964,1,,2018-06-20 10:40:37.293412+00:00,0,0.0,0.00,1,1,0,0.2,30,300,1,3,history,656wmc92,,,3566S7OX5D2RE7NUEXCBY0K7S0M71T,3YVLYSYECGO2I052WIRRU438XJBQ0C,,0
94,on4sw6vf,,0,20,19,ox,1,Results,172.16.176.137,2018-06-20 10:45:42.444219+00:00,1,A14F22QXIGMF1T,3F0BG9B9MQ6QQXWRGOOM06R4UNSY7R,0.00,94,50,"[85, 90, 93]",3625.0,3625.0,1644.27205921375,0.333553981519669,1,,2018-06-20 10:45:57.731858+00:00,0,0.0,0.00,1,1,0,0.2,30,300,1,3,history,656wmc92,,,3566S7OX5D2RE7NUEXCBY0K7S0M71T,3YVLYSYECGO2I052WIRRU438XJBQ0C,,0
95,1j6qekl6,,0,20,19,ox,1,Results,172.16.176.137,2018-06-20 10:52:55.669988+00:00,1,A1GEZDTJPG3Q7U,33F859I567WR6E9SJ5WEJ8IXNH7BHS,0.00,95,51,"[90, 93, 94]",1200.0,1200.0,544.310750636277,0.558547647496937,1,,2018-06-20 10:53:17.717184+00:00,0,0.0,0.00,1,1,0,0.2,30,300,1,3,history,656wmc92,,,3566S7OX5D2RE7NUEXCBY0K7S0M71T,3YVLYSYECGO2I052WIRRU438XJBQ0C,,0
96,4ysv5aya,,0,20,19,ox,1,Results,172.16.176.137,2018-06-20 10:54:07.615399+00:00,1,A2JNYVMDO31OXZ,3SUWZRL0MZW9GS1VXD70NPZSH04E6U,0.00,96,52,"[93, 94, 95]",1845.0,4067.529435,1845.0,0.496350364963504,0,,2018-06-20 10:54:32.798984+00:00,0,0.0,0.00,1,1,0,0.2,30,300,1,3,history,656wmc92,,,3566S7OX5D2RE7NUEXCBY0K7S0M71T,3YVLYSYECGO2I052WIRRU438XJBQ0C,,0
97,q45zxqzd,,0,20,19,ox,1,Results,172.16.176.137,2018-06-20 10:54:20.995455+00:00,1,A1RHW1MEJSR3MR,35DR22AR5E3JP95U9GZU4B8FNFCX3F,1.19,97,53,"[94, 95, 96]",2760.0,2760.0,1251.91472646344,0.0153404107570446,1,,2018-06-20 10:54:36.458830+00:00,57,0.19,1.00,1,1,0,0.2,30,300,1,3,history,656wmc92,,,3566S7OX5D2RE7NUEXCBY0K7S0M71T,3YVLYSYECGO2I052WIRRU438XJBQ0C,,0
98,kb2bs0dh,,0,20,19,ox,1,Results,172.16.176.137,2018-06-20 10:55:10.973025+00:00,1,A1YGG7LBCMRPO1,36PW28KO40FA3UDYNQOC3U1EDJUEAK,0.11,98,0,,,,,,,1,2018-06-20 10:55:17.362889+00:00,32,0.11,0.00,1,1,0,0.2,30,300,1,3,history,656wmc92,,,3566S7OX5D2RE7NUEXCBY0K7S0M71T,3YVLYSYECGO2I052WIRRU438XJBQ0C,,0
99,c8itfpwt,,0,20,19,ox,1,Results,172.16.176.137,2018-06-20 10:56:37.087715+00:00,1,A3QTWM45TDQQ5R,35H6S234SBJ9K982MCEXJVTF47556K,0.00,99,54,"[95, 96, 97]",2995.0,2995.0,1358.50891512971,0.101791496455561,1,,2018-06-20 10:57:16.970253+00:00,0,0.0,0.00,1,1,0,0.2,30,300,1,3,history,656wmc92,,,3566S7OX5D2RE7NUEXCBY0K7S0M71T,3YVLYSYECGO2I052WIRRU438XJBQ0C,,0
100,3y9o8peg,,0,20,19,ox,1,Results,172.16.176.137,2018-06-20 10:58:48.480244+00:00,1,A19HF68K3BLYW,3N2BF7Y2VRDNP5DPAUMNXOTRZGBHMN,0.00,100,54,"[96, 97, 99]",0.0,,,,0,,2018-06-20 10:59:17.575444+00:00,0,0.0,0.00,1,1,0,0.2,30,300,1,3,history,656wmc92,,,3566S7OX5D2RE7NUEXCBY0K7S0M71T,3YVLYSYECGO2I052WIRRU438XJBQ0C,,0
101,bxz1l75z,,0,20,19,ox,1,Results,172.16.176.137,2018-06-20 11:01:07.480266+00:00,1,A2HWC65YAL6MHK,3IO1LGZLKAGS7RR4KAL0VF366X686P,0.00,101,55,"[96, 97, 99]",1358.5,2994.9803455,1358.5,0.101784266017843,0,,2018-06-20 11:01:22.259550+00:00,0,0.0,0.00,1,1,0,0.2,30,300,1,3,history,656wmc92,,,3566S7OX5D2RE7NUEXCBY0K7S0M71T,3YVLYSYECGO2I052WIRRU438XJBQ0C,,0
102,ux4lqy6i,,0,20,19,ox,1,Results,172.16.176.137,2018-06-20 11:04:17.201531+00:00,1,A3UN1F1EOHKKE6,31LM9EDVOMBPYTTFAV48MGY6HYPNJY,1.00,102,56,"[97, 99, 101]",2990.0,2990.0,1356.24095366872,0.099952111653465,1,,2018-06-20 11:05:01.892365+00:00,0,0.0,1.00,1,1,0,0.2,30,300,1,3,history,656wmc92,,,3566S7OX5D2RE7NUEXCBY0K7S0M71T,3YVLYSYECGO2I052WIRRU438XJBQ0C,,0
103,xd5bbb5i,,0,20,19,ox,1,Results,172.16.176.137,2018-06-20 11:06:57.815782+00:00,1,ACI8PUCF5OPDC,320DUZ38G85JO1CTNRRDWWP9GM3GJJ,0.00,103,57,"[99, 101, 102]",1358.5,2994.9803455,1358.5,0.101784266017843,0,,2018-06-20 11:07:27.902677+00:00,0,0.0,0.00,1,1,0,0.2,30,300,1,3,history,656wmc92,,,3566S7OX5D2RE7NUEXCBY0K7S0M71T,3YVLYSYECGO2I052WIRRU438XJBQ0C,,0
104,ui1liwm6,,0,20,19,ox,1,Results,172.16.176.137,2018-06-20 11:07:27.809680+00:00,1,A1DWTO70YY5L79,3JCG6DTRV49RNDAKLDGYNB5X044QQF,0.16,104,58,"[101, 102, 103]",2995.0,2995.0,1358.50891512971,0.101791496455561,1,,2018-06-20 11:09:06.650105+00:00,46,0.16,0.00,1,1,0,0.2,30,300,1,3,history,656wmc92,,,3566S7OX5D2RE7NUEXCBY0K7S0M71T,3YVLYSYECGO2I052WIRRU438XJBQ0C,,0
105,zmhtshad,,0,20,19,ox,1,Results,172.16.176.137,2018-06-20 11:07:28.682598+00:00,1,A1ZIL55KKMXE31,3B2X28YI3XYB9PPBNM5AMHT7E3RB6R,0.00,105,57,"[101, 102, 103]",0.0,,,,0,,2018-06-20 11:08:51.986584+00:00,0,0.0,0.00,1,1,0,0.2,30,300,1,3,history,656wmc92,,,3566S7OX5D2RE7NUEXCBY0K7S0M71T,3YVLYSYECGO2I052WIRRU438XJBQ0C,,0
106,zyfajk95,,0,20,19,ox,1,Results,172.16.176.137,2018-06-20 11:08:53.318491+00:00,1,A3N46QXET3UPY,3R6P78PK7LUD248YZL5HY2CIEOUTG1,0.23,106,59,"[102, 103, 104]",2995.0,2995.0,1358.50891512971,0.101791496455561,1,,2018-06-20 11:09:30.206010+00:00,69,0.23,0.00,1,1,0,0.2,30,300,1,3,history,656wmc92,,,3566S7OX5D2RE7NUEXCBY0K7S0M71T,3YVLYSYECGO2I052WIRRU438XJBQ0C,,0
107,neitxiha,,0,2,19,consent,1,BlockDropouts,172.16.176.137,2018-06-20 11:09:05.316120+00:00,1,A35HNEIV27NPC1,3H7Z272LX8QVW4TSTVTD6KGTL2VLPU,0.00,107,0,,,,,,,,,,,0.00,1,1,0,0.2,30,300,1,3,history,656wmc92,,,3566S7OX5D2RE7NUEXCBY0K7S0M71T,3YVLYSYECGO2I052WIRRU438XJBQ0C,,0
108,svbcl3cl,,0,2,19,consent,1,BlockDropouts,172.16.176.137,2018-06-20 11:09:27.944364+00:00,1,AE2BOK50NTKFX,35GMH2SV3F0Z5Y7ZX9TU4PLJ20YOET,0.00,108,0,,,,,,,,,,,0.00,1,1,0,0.2,30,300,1,3,history,656wmc92,,,3566S7OX5D2RE7NUEXCBY0K7S0M71T,3YVLYSYECGO2I052WIRRU438XJBQ0C,,0
109,3xows3pj,,0,2,19,consent,1,BlockDropouts,172.16.176.137,2018-06-20 11:10:52.913630+00:00,1,A33EZK81ADLX7U,3N8OEVH1FS9LHPKORNWQ91FX624OOX,0.00,109,0,,,,,,,,,,,0.00,1,1,0,0.2,30,300,1,3,history,656wmc92,,,3566S7OX5D2RE7NUEXCBY0K7S0M71T,3YVLYSYECGO2I052WIRRU438XJBQ0C,,0
110,2603uwfs,,0,20,19,ox,1,Results,172.16.176.137,2018-06-20 11:12:39.518397+00:00,1,A26HH5XUH214F7,3LOTDFNYA8IZGLGXJ64A31J5H3CWFV,1.00,110,60,"[103, 104, 106]",2910.0,2910.0,1319.95357029297,0.0705219548199275,1,,2018-06-20 11:12:58.796096+00:00,0,0.0,1.00,1,1,0,0.2,30,300,1,3,history,656wmc92,,,3566S7OX5D2RE7NUEXCBY0K7S0M71T,3YVLYSYECGO2I052WIRRU438XJBQ0C,,0
111,gmw4ghlf,,0,20,19,ox,1,Results,172.16.176.137,2018-06-20 11:16:32.892974+00:00,1,ABN9IUIM1YA7Y,35USIKEBNSZDAYE8QCAJDCT1VS66NC,0.02,111,62,"[106, 110, 112]",2995.0,2995.0,1358.50891512971,0.101791496455561,1,,2018-06-20 11:18:03.710139+00:00,6,0.02,0.00,1,1,0,0.2,30,300,1,3,history,656wmc92,,,3566S7OX5D2RE7NUEXCBY0K7S0M71T,3YVLYSYECGO2I052WIRRU438XJBQ0C,,0
112,5pg2icbg,,0,20,19,ox,1,Results,172.16.176.137,2018-06-20 11:17:16.600930+00:00,1,A272X64FOZFYLB,3VA45EW49O60LXDNLLYFX52PDRV1OO,1.00,112,61,"[104, 106, 110]",2700.0,2700.0,1224.69918893162,0.00673220686810843,1,,2018-06-20 11:17:32.632448+00:00,0,0.0,1.00,1,1,0,0.2,30,300,1,3,history,656wmc92,,,3566S7OX5D2RE7NUEXCBY0K7S0M71T,3YVLYSYECGO2I052WIRRU438XJBQ0C,,0
113,44bsmsvu,,0,20,19,ox,1,Results,172.16.176.137,2018-06-20 11:19:20.868142+00:00,1,A1RC1PM4WCKIV0,338JKRMM27IMN440DRWIOXYR5ZNHA4,0.00,113,62,"[110, 112, 111]",0.0,,,,0,,2018-06-20 11:19:41.378802+00:00,0,0.0,0.00,1,1,0,0.2,30,300,1,3,history,656wmc92,,,3566S7OX5D2RE7NUEXCBY0K7S0M71T,3YVLYSYECGO2I052WIRRU438XJBQ0C,,0
114,fcgwq24y,,0,20,19,ox,1,Results,172.16.176.137,2018-06-20 11:19:28.440363+00:00,1,A3DTEGZ2MT0OBO,3ZGVPD4G6U0DTL33PDT6J9SOPEOZTW,1.14,114,63,"[110, 112, 111]",2680.0,2680.0,1215.62734308768,0.0140897460764929,1,,2018-06-20 11:20:01.662929+00:00,40,0.14,1.00,1,1,0,0.2,30,300,1,3,history,656wmc92,,,3566S7OX5D2RE7NUEXCBY0K7S0M71T,3YVLYSYECGO2I052WIRRU438XJBQ0C,,0
115,rnqd9u5z,,0,2,19,consent,1,BlockDropouts,172.16.176.137,2018-06-20 11:23:33.294622+00:00,1,A2C27YTQSQ1GXS,30X31N5D649BDDIGOL8HSB5TEA4ASI,0.00,115,0,,,,,,,,,,,0.00,1,1,0,0.2,30,300,1,3,history,656wmc92,,,3566S7OX5D2RE7NUEXCBY0K7S0M71T,3YVLYSYECGO2I052WIRRU438XJBQ0C,,0
116,5gvgxfpx,,0,20,19,ox,1,Results,172.16.176.137,2018-06-20 11:23:42.439979+00:00,1,A1J7365F0UGVYW,3HL8HNGX46KO4P3PQVUIPHBUJ2SF9P,0.00,116,63,"[112, 111, 114]",0.0,,,,0,,2018-06-20 11:24:06.319677+00:00,0,0.0,0.00,1,1,0,0.2,30,300,1,3,history,656wmc92,,,3566S7OX5D2RE7NUEXCBY0K7S0M71T,3YVLYSYECGO2I052WIRRU438XJBQ0C,,0
117,vqmfwui9,,0,20,19,ox,1,Results,172.16.176.137,2018-06-20 11:23:43.301245+00:00,1,A3PC0IDUS9FQA4,36U2A8VAG2IELC3BZIDV4BWQ07UKYL,0.14,117,64,"[112, 111, 114]",1358.5,2994.9803455,1358.5,0.101784266017843,0,,2018-06-20 11:24:26.370874+00:00,41,0.14,0.00,1,1,0,0.2,30,300,1,3,history,656wmc92,,,3566S7OX5D2RE7NUEXCBY0K7S0M71T,3YVLYSYECGO2I052WIRRU438XJBQ0C,,0
118,46blepbm,,0,2,19,consent,1,BlockDropouts,172.16.176.137,2018-06-20 11:23:54.714162+00:00,1,A3TZBZ92CQKQLG,3WAKVUDHUXZ99OCM6NRXXLLRYZJ7U4,0.00,118,0,,,,,,,,,,,0.00,1,1,0,0.2,30,300,1,3,history,656wmc92,,,3566S7OX5D2RE7NUEXCBY0K7S0M71T,3YVLYSYECGO2I052WIRRU438XJBQ0C,,0
119,ljb3fwvz,,0,20,19,ox,1,Results,172.16.176.137,2018-06-20 11:25:48.919251+00:00,1,A1J2SF4IQEQ5OP,3NJM2BJS4XP2T0ZMGI0E31Q6RTIPCJ,0.00,119,65,"[111, 114, 117]",2700.0,5952.4821,2700.0,1.18978102189781,0,,2018-06-20 11:26:30.666502+00:00,0,0.0,0.00,1,1,0,0.2,30,300,1,3,history,656wmc92,,,3566S7OX5D2RE7NUEXCBY0K7S0M71T,3YVLYSYECGO2I052WIRRU438XJBQ0C,,0
120,81axov7f,,0,20,19,ox,1,Results,172.16.176.137,2018-06-20 11:26:12.808258+00:00,1,A1S1K7134S2VUC,3FIJLY1B6VN9WCJW7KQFB7B9O6AFPK,0.15,120,66,"[114, 117, 119]",3000.0,3000.0,1360.77687659069,0.103630881257657,1,,2018-06-20 11:26:47.327559+00:00,44,0.15,0.00,1,1,0,0.2,30,300,1,3,history,656wmc92,,,3566S7OX5D2RE7NUEXCBY0K7S0M71T,3YVLYSYECGO2I052WIRRU438XJBQ0C,,0
121,6xwon13w,,0,20,19,ox,1,Results,172.16.176.137,2018-06-20 11:37:44.588574+00:00,1,A399B3HHN9ZENF,3EJPLAJKENZ7RNSRT0LD8Z0A56EZ6M,0.00,121,67,"[117, 119, 120]",2700.0,5952.4821,2700.0,1.18978102189781,0,,2018-06-20 11:38:38.934284+00:00,0,0.0,0.00,1,1,0,0.2,30,300,1,3,history,656wmc92,,,3566S7OX5D2RE7NUEXCBY0K7S0M71T,3YVLYSYECGO2I052WIRRU438XJBQ0C,,0
122,g5k0oolh,,0,0,19,,,,,,0,,,0.00,122,0,,,,,,,,,,,0.00,1,1,0,0.2,30,300,1,3,history,656wmc92,,,3566S7OX5D2RE7NUEXCBY0K7S0M71T,3YVLYSYECGO2I052WIRRU438XJBQ0C,,0
123,k7kk10g7,,0,0,19,,,,,,0,,,0.00,123,0,,,,,,,,,,,0.00,1,1,0,0.2,30,300,1,3,history,656wmc92,,,3566S7OX5D2RE7NUEXCBY0K7S0M71T,3YVLYSYECGO2I052WIRRU438XJBQ0C,,0
124,f3yql6qn,,0,0,19,,,,,,0,,,0.00,124,0,,,,,,,,,,,0.00,1,1,0,0.2,30,300,1,3,history,656wmc92,,,3566S7OX5D2RE7NUEXCBY0K7S0M71T,3YVLYSYECGO2I052WIRRU438XJBQ0C,,0
125,ihiz97uj,,0,0,19,,,,,,0,,,0.00,125,0,,,,,,,,,,,0.00,1,1,0,0.2,30,300,1,3,history,656wmc92,,,3566S7OX5D2RE7NUEXCBY0K7S0M71T,3YVLYSYECGO2I052WIRRU438XJBQ0C,,0
126,je06kuyx,,0,0,19,,,,,,0,,,0.00,126,0,,,,,,,,,,,0.00,1,1,0,0.2,30,300,1,3,history,656wmc92,,,3566S7OX5D2RE7NUEXCBY0K7S0M71T,3YVLYSYECGO2I052WIRRU438XJBQ0C,,0
127,qw63ocub,,0,0,19,,,,,,0,,,0.00,127,0,,,,,,,,,,,0.00,1,1,0,0.2,30,300,1,3,history,656wmc92,,,3566S7OX5D2RE7NUEXCBY0K7S0M71T,3YVLYSYECGO2I052WIRRU438XJBQ0C,,0
128,2vde6xn3,,0,0,19,,,,,,0,,,0.00,128,0,,,,,,,,,,,0.00,1,1,0,0.2,30,300,1,3,history,656wmc92,,,3566S7OX5D2RE7NUEXCBY0K7S0M71T,3YVLYSYECGO2I052WIRRU438XJBQ0C,,0
129,tnmktj8e,,0,0,19,,,,,,0,,,0.00,129,0,,,,,,,,,,,0.00,1,1,0,0.2,30,300,1,3,history,656wmc92,,,3566S7OX5D2RE7NUEXCBY0K7S0M71T,3YVLYSYECGO2I052WIRRU438XJBQ0C,,0
130,wz2ap18a,,0,0,19,,,,,,0,,,0.00,130,0,,,,,,,,,,,0.00,1,1,0,0.2,30,300,1,3,history,656wmc92,,,3566S7OX5D2RE7NUEXCBY0K7S0M71T,3YVLYSYECGO2I052WIRRU438XJBQ0C,,0
131,rj3lfiug,,0,0,19,,,,,,0,,,0.00,131,0,,,,,,,,,,,0.00,1,1,0,0.2,30,300,1,3,history,656wmc92,,,3566S7OX5D2RE7NUEXCBY0K7S0M71T,3YVLYSYECGO2I052WIRRU438XJBQ0C,,0
132,7q7x6un9,,0,0,19,,,,,,0,,,0.00,132,0,,,,,,,,,,,0.00,1,1,0,0.2,30,300,1,3,history,656wmc92,,,3566S7OX5D2RE7NUEXCBY0K7S0M71T,3YVLYSYECGO2I052WIRRU438XJBQ0C,,0
133,kjqs14ma,,0,0,19,,,,,,0,,,0.00,133,0,,,,,,,,,,,0.00,1,1,0,0.2,30,300,1,3,history,656wmc92,,,3566S7OX5D2RE7NUEXCBY0K7S0M71T,3YVLYSYECGO2I052WIRRU438XJBQ0C,,0
134,yozdskjl,,0,0,19,,,,,,0,,,0.00,134,0,,,,,,,,,,,0.00,1,1,0,0.2,30,300,1,3,history,656wmc92,,,3566S7OX5D2RE7NUEXCBY0K7S0M71T,3YVLYSYECGO2I052WIRRU438XJBQ0C,,0
135,bp902uij,,0,0,19,,,,,,0,,,0.00,135,0,,,,,,,,,,,0.00,1,1,0,0.2,30,300,1,3,history,656wmc92,,,3566S7OX5D2RE7NUEXCBY0K7S0M71T,3YVLYSYECGO2I052WIRRU438XJBQ0C,,0
136,s0wbdd1f,,0,0,19,,,,,,0,,,0.00,136,0,,,,,,,,,,,0.00,1,1,0,0.2,30,300,1,3,history,656wmc92,,,3566S7OX5D2RE7NUEXCBY0K7S0M71T,3YVLYSYECGO2I052WIRRU438XJBQ0C,,0
137,hrxkgjf7,,0,0,19,,,,,,0,,,0.00,137,0,,,,,,,,,,,0.00,1,1,0,0.2,30,300,1,3,history,656wmc92,,,3566S7OX5D2RE7NUEXCBY0K7S0M71T,3YVLYSYECGO2I052WIRRU438XJBQ0C,,0
138,dec07ojz,,0,0,19,,,,,,0,,,0.00,138,0,,,,,,,,,,,0.00,1,1,0,0.2,30,300,1,3,history,656wmc92,,,3566S7OX5D2RE7NUEXCBY0K7S0M71T,3YVLYSYECGO2I052WIRRU438XJBQ0C,,0
139,ukc0il1b,,0,0,19,,,,,,0,,,0.00,139,0,,,,,,,,,,,0.00,1,1,0,0.2,30,300,1,3,history,656wmc92,,,3566S7OX5D2RE7NUEXCBY0K7S0M71T,3YVLYSYECGO2I052WIRRU438XJBQ0C,,0
140,4gskxd4a,,0,0,19,,,,,,0,,,0.00,140,0,,,,,,,,,,,0.00,1,1,0,0.2,30,300,1,3,history,656wmc92,,,3566S7OX5D2RE7NUEXCBY0K7S0M71T,3YVLYSYECGO2I052WIRRU438XJBQ0C,,0
141,65pivxox,,0,0,19,,,,,,0,,,0.00,141,0,,,,,,,,,,,0.00,1,1,0,0.2,30,300,1,3,history,656wmc92,,,3566S7OX5D2RE7NUEXCBY0K7S0M71T,3YVLYSYECGO2I052WIRRU438XJBQ0C,,0
142,o7dcbqri,,0,0,19,,,,,,0,,,0.00,142,0,,,,,,,,,,,0.00,1,1,0,0.2,30,300,1,3,history,656wmc92,,,3566S7OX5D2RE7NUEXCBY0K7S0M71T,3YVLYSYECGO2I052WIRRU438XJBQ0C,,0
143,636rb1yt,,0,0,19,,,,,,0,,,0.00,143,0,,,,,,,,,,,0.00,1,1,0,0.2,30,300,1,3,history,656wmc92,,,3566S7OX5D2RE7NUEXCBY0K7S0M71T,3YVLYSYECGO2I052WIRRU438XJBQ0C,,0
144,67ehztzd,,0,0,19,,,,,,0,,,0.00,144,0,,,,,,,,,,,0.00,1,1,0,0.2,30,300,1,3,history,656wmc92,,,3566S7OX5D2RE7NUEXCBY0K7S0M71T,3YVLYSYECGO2I052WIRRU438XJBQ0C,,0
145,p70zyhrg,,0,0,19,,,,,,0,,,0.00,145,0,,,,,,,,,,,0.00,1,1,0,0.2,30,300,1,3,history,656wmc92,,,3566S7OX5D2RE7NUEXCBY0K7S0M71T,3YVLYSYECGO2I052WIRRU438XJBQ0C,,0
146,k2iawqt9,,0,0,19,,,,,,0,,,0.00,146,0,,,,,,,,,,,0.00,1,1,0,0.2,30,300,1,3,history,656wmc92,,,3566S7OX5D2RE7NUEXCBY0K7S0M71T,3YVLYSYECGO2I052WIRRU438XJBQ0C,,0
147,wfhz8inr,,0,0,19,,,,,,0,,,0.00,147,0,,,,,,,,,,,0.00,1,1,0,0.2,30,300,1,3,history,656wmc92,,,3566S7OX5D2RE7NUEXCBY0K7S0M71T,3YVLYSYECGO2I052WIRRU438XJBQ0C,,0
148,k3dil36f,,0,0,19,,,,,,0,,,0.00,148,0,,,,,,,,,,,0.00,1,1,0,0.2,30,300,1,3,history,656wmc92,,,3566S7OX5D2RE7NUEXCBY0K7S0M71T,3YVLYSYECGO2I052WIRRU438XJBQ0C,,0
149,io3cwk40,,0,0,19,,,,,,0,,,0.00,149,0,,,,,,,,,,,0.00,1,1,0,0.2,30,300,1,3,history,656wmc92,,,3566S7OX5D2RE7NUEXCBY0K7S0M71T,3YVLYSYECGO2I052WIRRU438XJBQ0C,,0
150,4gugcuf4,,0,0,19,,,,,,0,,,0.00,150,0,,,,,,,,,,,0.00,1,1,0,0.2,30,300,1,3,history,656wmc92,,,3566S7OX5D2RE7NUEXCBY0K7S0M71T,3YVLYSYECGO2I052WIRRU438XJBQ0C,,0
151,qr0p0evn,,0,0,19,,,,,,0,,,0.00,151,0,,,,,,,,,,,0.00,1,1,0,0.2,30,300,1,3,history,656wmc92,,,3566S7OX5D2RE7NUEXCBY0K7S0M71T,3YVLYSYECGO2I052WIRRU438XJBQ0C,,0
152,f1hx5mfu,,0,0,19,,,,,,0,,,0.00,152,0,,,,,,,,,,,0.00,1,1,0,0.2,30,300,1,3,history,656wmc92,,,3566S7OX5D2RE7NUEXCBY0K7S0M71T,3YVLYSYECGO2I052WIRRU438XJBQ0C,,0
153,ayjd8kav,,0,0,19,,,,,,0,,,0.00,153,0,,,,,,,,,,,0.00,1,1,0,0.2,30,300,1,3,history,656wmc92,,,3566S7OX5D2RE7NUEXCBY0K7S0M71T,3YVLYSYECGO2I052WIRRU438XJBQ0C,,0
154,wh2r3p64,,0,0,19,,,,,,0,,,0.00,154,0,,,,,,,,,,,0.00,1,1,0,0.2,30,300,1,3,history,656wmc92,,,3566S7OX5D2RE7NUEXCBY0K7S0M71T,3YVLYSYECGO2I052WIRRU438XJBQ0C,,0
155,2z5jroi1,,0,0,19,,,,,,0,,,0.00,155,0,,,,,,,,,,,0.00,1,1,0,0.2,30,300,1,3,history,656wmc92,,,3566S7OX5D2RE7NUEXCBY0K7S0M71T,3YVLYSYECGO2I052WIRRU438XJBQ0C,,0
156,xaviaatm,,0,0,19,,,,,,0,,,0.00,156,0,,,,,,,,,,,0.00,1,1,0,0.2,30,300,1,3,history,656wmc92,,,3566S7OX5D2RE7NUEXCBY0K7S0M71T,3YVLYSYECGO2I052WIRRU438XJBQ0C,,0
157,habkgnp3,,0,0,19,,,,,,0,,,0.00,157,0,,,,,,,,,,,0.00,1,1,0,0.2,30,300,1,3,history,656wmc92,,,3566S7OX5D2RE7NUEXCBY0K7S0M71T,3YVLYSYECGO2I052WIRRU438XJBQ0C,,0
158,pvbljyx1,,0,0,19,,,,,,0,,,0.00,158,0,,,,,,,,,,,0.00,1,1,0,0.2,30,300,1,3,history,656wmc92,,,3566S7OX5D2RE7NUEXCBY0K7S0M71T,3YVLYSYECGO2I052WIRRU438XJBQ0C,,0
159,mt2trcr4,,0,0,19,,,,,,0,,,0.00,159,0,,,,,,,,,,,0.00,1,1,0,0.2,30,300,1,3,history,656wmc92,,,3566S7OX5D2RE7NUEXCBY0K7S0M71T,3YVLYSYECGO2I052WIRRU438XJBQ0C,,0
160,jd1l9413,,0,0,19,,,,,,0,,,0.00,160,0,,,,,,,,,,,0.00,1,1,0,0.2,30,300,1,3,history,656wmc92,,,3566S7OX5D2RE7NUEXCBY0K7S0M71T,3YVLYSYECGO2I052WIRRU438XJBQ0C,,0
161,rsi2h6b0,,0,0,19,,,,,,0,,,0.00,161,0,,,,,,,,,,,0.00,1,1,0,0.2,30,300,1,3,history,656wmc92,,,3566S7OX5D2RE7NUEXCBY0K7S0M71T,3YVLYSYECGO2I052WIRRU438XJBQ0C,,0
162,aegznb0k,,0,0,19,,,,,,0,,,0.00,162,0,,,,,,,,,,,0.00,1,1,0,0.2,30,300,1,3,history,656wmc92,,,3566S7OX5D2RE7NUEXCBY0K7S0M71T,3YVLYSYECGO2I052WIRRU438XJBQ0C,,0
163,zfzux6db,,0,0,19,,,,,,0,,,0.00,163,0,,,,,,,,,,,0.00,1,1,0,0.2,30,300,1,3,history,656wmc92,,,3566S7OX5D2RE7NUEXCBY0K7S0M71T,3YVLYSYECGO2I052WIRRU438XJBQ0C,,0
164,mw6xk7a3,,0,0,19,,,,,,0,,,0.00,164,0,,,,,,,,,,,0.00,1,1,0,0.2,30,300,1,3,history,656wmc92,,,3566S7OX5D2RE7NUEXCBY0K7S0M71T,3YVLYSYECGO2I052WIRRU438XJBQ0C,,0
165,knu2d1ny,,0,0,19,,,,,,0,,,0.00,165,0,,,,,,,,,,,0.00,1,1,0,0.2,30,300,1,3,history,656wmc92,,,3566S7OX5D2RE7NUEXCBY0K7S0M71T,3YVLYSYECGO2I052WIRRU438XJBQ0C,,0
166,n6ytjoft,,0,0,19,,,,,,0,,,0.00,166,0,,,,,,,,,,,0.00,1,1,0,0.2,30,300,1,3,history,656wmc92,,,3566S7OX5D2RE7NUEXCBY0K7S0M71T,3YVLYSYECGO2I052WIRRU438XJBQ0C,,0
167,mc98g361,,0,0,19,,,,,,0,,,0.00,167,0,,,,,,,,,,,0.00,1,1,0,0.2,30,300,1,3,history,656wmc92,,,3566S7OX5D2RE7NUEXCBY0K7S0M71T,3YVLYSYECGO2I052WIRRU438XJBQ0C,,0
168,pfiu8d8b,,0,0,19,,,,,,0,,,0.00,168,0,,,,,,,,,,,0.00,1,1,0,0.2,30,300,1,3,history,656wmc92,,,3566S7OX5D2RE7NUEXCBY0K7S0M71T,3YVLYSYECGO2I052WIRRU438XJBQ0C,,0
169,njbprv77,,0,0,19,,,,,,0,,,0.00,169,0,,,,,,,,,,,0.00,1,1,0,0.2,30,300,1,3,history,656wmc92,,,3566S7OX5D2RE7NUEXCBY0K7S0M71T,3YVLYSYECGO2I052WIRRU438XJBQ0C,,0
170,xz4d9bej,,0,0,19,,,,,,0,,,0.00,170,0,,,,,,,,,,,0.00,1,1,0,0.2,30,300,1,3,history,656wmc92,,,3566S7OX5D2RE7NUEXCBY0K7S0M71T,3YVLYSYECGO2I052WIRRU438XJBQ0C,,0
171,koopj2uo,,0,0,19,,,,,,0,,,0.00,171,0,,,,,,,,,,,0.00,1,1,0,0.2,30,300,1,3,history,656wmc92,,,3566S7OX5D2RE7NUEXCBY0K7S0M71T,3YVLYSYECGO2I052WIRRU438XJBQ0C,,0
172,dzwvky2z,,0,0,19,,,,,,0,,,0.00,172,0,,,,,,,,,,,0.00,1,1,0,0.2,30,300,1,3,history,656wmc92,,,3566S7OX5D2RE7NUEXCBY0K7S0M71T,3YVLYSYECGO2I052WIRRU438XJBQ0C,,0
173,vgntatq8,,0,0,19,,,,,,0,,,0.00,173,0,,,,,,,,,,,0.00,1,1,0,0.2,30,300,1,3,history,656wmc92,,,3566S7OX5D2RE7NUEXCBY0K7S0M71T,3YVLYSYECGO2I052WIRRU438XJBQ0C,,0
174,kifpb6si,,0,0,19,,,,,,0,,,0.00,174,0,,,,,,,,,,,0.00,1,1,0,0.2,30,300,1,3,history,656wmc92,,,3566S7OX5D2RE7NUEXCBY0K7S0M71T,3YVLYSYECGO2I052WIRRU438XJBQ0C,,0
175,2ojh2sj0,,0,0,19,,,,,,0,,,0.00,175,0,,,,,,,,,,,0.00,1,1,0,0.2,30,300,1,3,history,656wmc92,,,3566S7OX5D2RE7NUEXCBY0K7S0M71T,3YVLYSYECGO2I052WIRRU438XJBQ0C,,0
176,co8dull9,,0,0,19,,,,,,0,,,0.00,176,0,,,,,,,,,,,0.00,1,1,0,0.2,30,300,1,3,history,656wmc92,,,3566S7OX5D2RE7NUEXCBY0K7S0M71T,3YVLYSYECGO2I052WIRRU438XJBQ0C,,0
177,5nk1w06d,,0,0,19,,,,,,0,,,0.00,177,0,,,,,,,,,,,0.00,1,1,0,0.2,30,300,1,3,history,656wmc92,,,3566S7OX5D2RE7NUEXCBY0K7S0M71T,3YVLYSYECGO2I052WIRRU438XJBQ0C,,0
178,jxbltu2k,,0,0,19,,,,,,0,,,0.00,178,0,,,,,,,,,,,0.00,1,1,0,0.2,30,300,1,3,history,656wmc92,,,3566S7OX5D2RE7NUEXCBY0K7S0M71T,3YVLYSYECGO2I052WIRRU438XJBQ0C,,0
179,a7qdlcsq,,0,0,19,,,,,,0,,,0.00,179,0,,,,,,,,,,,0.00,1,1,0,0.2,30,300,1,3,history,656wmc92,,,3566S7OX5D2RE7NUEXCBY0K7S0M71T,3YVLYSYECGO2I052WIRRU438XJBQ0C,,0
180,mrnusejp,,0,0,19,,,,,,0,,,0.00,180,0,,,,,,,,,,,0.00,1,1,0,0.2,30,300,1,3,history,656wmc92,,,3566S7OX5D2RE7NUEXCBY0K7S0M71T,3YVLYSYECGO2I052WIRRU438XJBQ0C,,0
181,vm9l4763,,0,0,19,,,,,,0,,,0.00,181,0,,,,,,,,,,,0.00,1,1,0,0.2,30,300,1,3,history,656wmc92,,,3566S7OX5D2RE7NUEXCBY0K7S0M71T,3YVLYSYECGO2I052WIRRU438XJBQ0C,,0
182,q41cn0u7,,0,0,19,,,,,,0,,,0.00,182,0,,,,,,,,,,,0.00,1,1,0,0.2,30,300,1,3,history,656wmc92,,,3566S7OX5D2RE7NUEXCBY0K7S0M71T,3YVLYSYECGO2I052WIRRU438XJBQ0C,,0
183,tmtfhl7l,,0,0,19,,,,,,0,,,0.00,183,0,,,,,,,,,,,0.00,1,1,0,0.2,30,300,1,3,history,656wmc92,,,3566S7OX5D2RE7NUEXCBY0K7S0M71T,3YVLYSYECGO2I052WIRRU438XJBQ0C,,0
184,bf4hl9i2,,0,0,19,,,,,,0,,,0.00,184,0,,,,,,,,,,,0.00,1,1,0,0.2,30,300,1,3,history,656wmc92,,,3566S7OX5D2RE7NUEXCBY0K7S0M71T,3YVLYSYECGO2I052WIRRU438XJBQ0C,,0
185,vk15imwk,,0,0,19,,,,,,0,,,0.00,185,0,,,,,,,,,,,0.00,1,1,0,0.2,30,300,1,3,history,656wmc92,,,3566S7OX5D2RE7NUEXCBY0K7S0M71T,3YVLYSYECGO2I052WIRRU438XJBQ0C,,0
186,pw6son28,,0,0,19,,,,,,0,,,0.00,186,0,,,,,,,,,,,0.00,1,1,0,0.2,30,300,1,3,history,656wmc92,,,3566S7OX5D2RE7NUEXCBY0K7S0M71T,3YVLYSYECGO2I052WIRRU438XJBQ0C,,0
187,9nw4aebk,,0,0,19,,,,,,0,,,0.00,187,0,,,,,,,,,,,0.00,1,1,0,0.2,30,300,1,3,history,656wmc92,,,3566S7OX5D2RE7NUEXCBY0K7S0M71T,3YVLYSYECGO2I052WIRRU438XJBQ0C,,0
188,dil2ywf7,,0,0,19,,,,,,0,,,0.00,188,0,,,,,,,,,,,0.00,1,1,0,0.2,30,300,1,3,history,656wmc92,,,3566S7OX5D2RE7NUEXCBY0K7S0M71T,3YVLYSYECGO2I052WIRRU438XJBQ0C,,0
189,1j2irdc4,,0,0,19,,,,,,0,,,0.00,189,0,,,,,,,,,,,0.00,1,1,0,0.2,30,300,1,3,history,656wmc92,,,3566S7OX5D2RE7NUEXCBY0K7S0M71T,3YVLYSYECGO2I052WIRRU438XJBQ0C,,0
190,7j88iayb,,0,0,19,,,,,,0,,,0.00,190,0,,,,,,,,,,,0.00,1,1,0,0.2,30,300,1,3,history,656wmc92,,,3566S7OX5D2RE7NUEXCBY0K7S0M71T,3YVLYSYECGO2I052WIRRU438XJBQ0C,,0
191,vll8ukjc,,0,0,19,,,,,,0,,,0.00,191,0,,,,,,,,,,,0.00,1,1,0,0.2,30,300,1,3,history,656wmc92,,,3566S7OX5D2RE7NUEXCBY0K7S0M71T,3YVLYSYECGO2I052WIRRU438XJBQ0C,,0
192,6eoyyh47,,0,0,19,,,,,,0,,,0.00,192,0,,,,,,,,,,,0.00,1,1,0,0.2,30,300,1,3,history,656wmc92,,,3566S7OX5D2RE7NUEXCBY0K7S0M71T,3YVLYSYECGO2I052WIRRU438XJBQ0C,,0
193,x2q0yzkq,,0,0,19,,,,,,0,,,0.00,193,0,,,,,,,,,,,0.00,1,1,0,0.2,30,300,1,3,history,656wmc92,,,3566S7OX5D2RE7NUEXCBY0K7S0M71T,3YVLYSYECGO2I052WIRRU438XJBQ0C,,0
194,mpepb71a,,0,0,19,,,,,,0,,,0.00,194,0,,,,,,,,,,,0.00,1,1,0,0.2,30,300,1,3,history,656wmc92,,,3566S7OX5D2RE7NUEXCBY0K7S0M71T,3YVLYSYECGO2I052WIRRU438XJBQ0C,,0
195,0251xohu,,0,0,19,,,,,,0,,,0.00,195,0,,,,,,,,,,,0.00,1,1,0,0.2,30,300,1,3,history,656wmc92,,,3566S7OX5D2RE7NUEXCBY0K7S0M71T,3YVLYSYECGO2I052WIRRU438XJBQ0C,,0
196,f7worfvm,,0,0,19,,,,,,0,,,0.00,196,0,,,,,,,,,,,0.00,1,1,0,0.2,30,300,1,3,history,656wmc92,,,3566S7OX5D2RE7NUEXCBY0K7S0M71T,3YVLYSYECGO2I052WIRRU438XJBQ0C,,0
197,2e092onm,,0,0,19,,,,,,0,,,0.00,197,0,,,,,,,,,,,0.00,1,1,0,0.2,30,300,1,3,history,656wmc92,,,3566S7OX5D2RE7NUEXCBY0K7S0M71T,3YVLYSYECGO2I052WIRRU438XJBQ0C,,0
198,7yn4ievg,,0,0,19,,,,,,0,,,0.00,198,0,,,,,,,,,,,0.00,1,1,0,0.2,30,300,1,3,history,656wmc92,,,3566S7OX5D2RE7NUEXCBY0K7S0M71T,3YVLYSYECGO2I052WIRRU438XJBQ0C,,0
199,zpo7y0bc,,0,0,19,,,,,,0,,,0.00,199,0,,,,,,,,,,,0.00,1,1,0,0.2,30,300,1,3,history,656wmc92,,,3566S7OX5D2RE7NUEXCBY0K7S0M71T,3YVLYSYECGO2I052WIRRU438XJBQ0C,,0
200,6ae2uzd2,,0,0,19,,,,,,0,,,0.00,200,0,,,,,,,,,,,0.00,1,1,0,0.2,30,300,1,3,history,656wmc92,,,3566S7OX5D2RE7NUEXCBY0K7S0M71T,3YVLYSYECGO2I052WIRRU438XJBQ0C,,0
