,dots,method,views,session,code,id,hist,guess,bonus
0,148,history,9,2hxe3g0w,dkem23kv,2,[],155.0,1.0
1,148,history,9,2hxe3g0w,4di5wlg3,6,[2],75.0,0.0
2,148,history,9,2hxe3g0w,a307uir3,5,"[2, 6]",100.0,0.0
3,148,history,9,2hxe3g0w,cfxg5rns,9,"[2, 6, 5]",90.0,0.0
4,148,history,9,2hxe3g0w,35iv1k4t,8,"[2, 6, 5, 9]",150.0,1.0
5,148,history,9,2hxe3g0w,m9m2j4mh,11,"[2, 6, 5, 9, 8]",300.0,0.0
6,148,history,9,2hxe3g0w,x8orkq8a,13,"[2, 6, 5, 9, 8, 11]",85.0,0.0
7,148,history,9,2hxe3g0w,o1fsiy7l,14,"[2, 6, 5, 9, 8, 11, 13]",140.0,1.0
8,148,history,9,2hxe3g0w,1205y1g4,15,"[2, 6, 5, 9, 8, 11, 13, 14]",175.0,0.0
9,148,history,9,2hxe3g0w,av8c7g3j,16,"[2, 6, 5, 9, 8, 11, 13, 14, 15]",168.0,0.0
10,148,history,9,2hxe3g0w,ysle5dnn,17,"[6, 5, 9, 8, 11, 13, 14, 15, 16]",104.0,0.0
11,148,history,9,2hxe3g0w,afxtl5pr,18,"[5, 9, 8, 11, 13, 14, 15, 16, 17]",120.0,0.0
12,148,history,9,2hxe3g0w,xvoyrphi,19,"[9, 8, 11, 13, 14, 15, 16, 17, 18]",120.0,0.0
13,148,history,9,2hxe3g0w,cwm31jcd,20,"[8, 11, 13, 14, 15, 16, 17, 18, 19]",200.0,0.0
14,148,history,9,2hxe3g0w,69ubu8w0,21,"[11, 13, 14, 15, 16, 17, 18, 19, 20]",200.0,0.0
15,148,history,9,2hxe3g0w,0xo4ga4n,22,"[13, 14, 15, 16, 17, 18, 19, 20, 21]",150.0,1.0
16,148,history,9,2hxe3g0w,tvwezkez,23,"[14, 15, 16, 17, 18, 19, 20, 21, 22]",731.0,0.0
17,148,history,9,2hxe3g0w,w6q3k01i,24,"[15, 16, 17, 18, 19, 20, 21, 22, 23]",54.0,0.0
18,148,history,9,2hxe3g0w,y3yyxbu8,26,"[16, 17, 18, 19, 20, 21, 22, 23, 24]",200.0,0.0
19,148,history,9,2hxe3g0w,zet4zgtr,25,"[17, 18, 19, 20, 21, 22, 23, 24, 26]",120.0,0.0
20,148,history,9,2hxe3g0w,f26bi42m,28,"[18, 19, 20, 21, 22, 23, 24, 26, 25]",731.0,0.0
21,148,history,9,2hxe3g0w,59nepn0w,33,"[19, 20, 21, 22, 23, 24, 26, 25, 28]",180.0,0.0
22,148,history,9,2hxe3g0w,3vnvrwh8,34,"[20, 21, 22, 23, 24, 26, 25, 28, 33]",170.0,0.0
23,148,history,9,2hxe3g0w,uu3lp2e6,37,"[21, 22, 23, 24, 26, 25, 28, 33, 34]",169.0,0.0
24,148,history,9,2hxe3g0w,lhfp8pop,38,"[22, 23, 24, 26, 25, 28, 33, 34, 37]",170.0,0.0
25,148,history,9,2hxe3g0w,29niqbir,39,"[23, 24, 26, 25, 28, 33, 34, 37, 38]",70.0,0.0
26,148,history,9,2hxe3g0w,st26w1o2,41,"[24, 26, 25, 28, 33, 34, 37, 38, 39]",300.0,0.0
27,148,history,9,2hxe3g0w,gvi6z9zt,40,"[26, 25, 28, 33, 34, 37, 38, 39, 41]",100.0,0.0
28,148,history,9,2hxe3g0w,64betbef,43,"[25, 28, 33, 34, 37, 38, 39, 41, 40]",300.0,0.0
29,148,history,9,2hxe3g0w,s0ciiyk1,44,"[28, 33, 34, 37, 38, 39, 41, 40, 43]",175.0,0.0
30,148,history,9,2hxe3g0w,df7dyg4e,47,"[33, 34, 37, 38, 39, 41, 40, 43, 44]",169.0,0.0
31,148,history,9,2hxe3g0w,s52op06w,45,"[34, 37, 38, 39, 41, 40, 43, 44, 47]",520521.0,0.0
32,148,history,9,2hxe3g0w,k6jn92ef,46,"[37, 38, 39, 41, 40, 43, 44, 47, 45]",175.0,0.0
33,148,history,9,2hxe3g0w,em5exqhg,51,"[38, 39, 41, 40, 43, 44, 47, 45, 46]",175.0,0.0
34,148,history,9,2hxe3g0w,u0b3qd5z,52,"[39, 41, 40, 43, 44, 47, 45, 46, 51]",175.0,0.0
35,148,history,9,2hxe3g0w,g0k96px7,55,"[41, 40, 43, 44, 47, 45, 46, 51, 52]",175.0,0.0
36,148,history,9,2hxe3g0w,6hpl0jk1,56,"[40, 43, 44, 47, 45, 46, 51, 52, 55]",175.0,0.0
37,148,history,9,2hxe3g0w,i8x4z5z1,57,"[43, 44, 47, 45, 46, 51, 52, 55, 56]",250.0,0.0
38,148,history,9,2hxe3g0w,st7mdhfd,58,"[44, 47, 45, 46, 51, 52, 55, 56, 57]",96.0,0.0
39,148,history,9,2hxe3g0w,lst3gykf,59,"[47, 45, 46, 51, 52, 55, 56, 57, 58]",175.0,0.0
40,148,history,9,2hxe3g0w,odyr6gx0,60,"[45, 46, 51, 52, 55, 56, 57, 58, 59]",277.0,0.0
41,148,history,9,2hxe3g0w,ntbdot91,61,"[46, 51, 52, 55, 56, 57, 58, 59, 60]",150.0,1.0
42,148,history,9,2hxe3g0w,l0uoikny,62,"[51, 52, 55, 56, 57, 58, 59, 60, 61]",18.0,0.0
43,148,history,9,2hxe3g0w,i4gzfl8g,64,"[52, 55, 56, 57, 58, 59, 60, 61, 62]",119.0,0.0
44,148,history,9,2hxe3g0w,safi25yl,65,"[55, 56, 57, 58, 59, 60, 61, 62, 64]",80.0,0.0
45,148,history,9,2hxe3g0w,pgcbr7rf,66,"[56, 57, 58, 59, 60, 61, 62, 64, 65]",150.0,1.0
46,148,history,9,2hxe3g0w,ncjnen70,67,"[57, 58, 59, 60, 61, 62, 64, 65, 66]",150.0,1.0
47,148,history,9,2hxe3g0w,gwz3lgqr,68,"[58, 59, 60, 61, 62, 64, 65, 66, 67]",100.0,0.0
48,148,history,9,2hxe3g0w,rrbsu4xr,69,"[59, 60, 61, 62, 64, 65, 66, 67, 68]",180.0,0.0
49,148,history,9,2hxe3g0w,g29oc4r2,70,"[60, 61, 62, 64, 65, 66, 67, 68, 69]",280.0,0.0
50,148,history,9,2hxe3g0w,kmc74ri4,73,"[61, 62, 64, 65, 66, 67, 68, 69, 70]",130.0,0.0
51,148,history,9,2hxe3g0w,mhhvb18p,74,"[62, 64, 65, 66, 67, 68, 69, 70, 73]",75.0,0.0
52,148,history,9,2hxe3g0w,57okq55u,75,"[64, 65, 66, 67, 68, 69, 70, 73, 74]",462.0,0.0
53,148,history,9,2hxe3g0w,p6d90gte,76,"[65, 66, 67, 68, 69, 70, 73, 74, 75]",145.0,1.0
54,148,history,9,2hxe3g0w,fdwc809v,77,"[66, 67, 68, 69, 70, 73, 74, 75, 76]",500.0,0.0
55,148,history,9,2hxe3g0w,gxeim03i,78,"[67, 68, 69, 70, 73, 74, 75, 76, 77]",125.0,0.0
56,148,history,9,2hxe3g0w,0uggguqi,79,"[68, 69, 70, 73, 74, 75, 76, 77, 78]",280.0,0.0
57,148,history,9,2hxe3g0w,witf1jru,81,"[69, 70, 73, 74, 75, 76, 77, 78, 79]",135.0,1.0
58,148,history,9,2hxe3g0w,2l0h2u6q,82,"[70, 73, 74, 75, 76, 77, 78, 79, 81]",140.0,1.0
59,148,history,9,2hxe3g0w,n2vplwkr,83,"[73, 74, 75, 76, 77, 78, 79, 81, 82]",500.0,0.0
60,148,history,9,2hxe3g0w,mh0s3cmz,85,"[74, 75, 76, 77, 78, 79, 81, 82, 83]",245.0,0.0
61,148,history,9,2hxe3g0w,3fgvm6fh,86,"[75, 76, 77, 78, 79, 81, 82, 83, 85]",180.0,0.0
62,148,history,9,2hxe3g0w,8psiuz53,87,"[76, 77, 78, 79, 81, 82, 83, 85, 86]",651.0,0.0
63,148,history,9,2hxe3g0w,4lngr1h0,88,"[77, 78, 79, 81, 82, 83, 85, 86, 87]",333.0,0.0
64,148,history,9,2hxe3g0w,4pg3b8lp,89,"[78, 79, 81, 82, 83, 85, 86, 87, 88]",230.0,0.0
65,148,history,9,2hxe3g0w,5hqk2732,90,"[79, 81, 82, 83, 85, 86, 87, 88, 89]",150.0,1.0
66,148,history,9,2hxe3g0w,ti1zzw5e,91,"[81, 82, 83, 85, 86, 87, 88, 89, 90]",115.0,0.0
67,148,history,9,2hxe3g0w,q11xunp1,92,"[82, 83, 85, 86, 87, 88, 89, 90, 91]",160.0,1.0
68,148,history,9,2hxe3g0w,s3c8gp6i,94,"[83, 85, 86, 87, 88, 89, 90, 91, 92]",651.0,0.0
69,148,history,9,2hxe3g0w,ypr200vv,97,"[85, 86, 87, 88, 89, 90, 91, 92, 94]",125.0,0.0
70,148,history,9,2hxe3g0w,6fdv7syb,98,"[86, 87, 88, 89, 90, 91, 92, 94, 97]",190.0,0.0
71,148,history,9,2hxe3g0w,5z2x5p9a,99,"[87, 88, 89, 90, 91, 92, 94, 97, 98]",170.0,0.0
72,148,history,9,2hxe3g0w,iojhdd7c,100,"[88, 89, 90, 91, 92, 94, 97, 98, 99]",105.0,0.0
73,148,history,9,2hxe3g0w,k52mbi3y,101,"[89, 90, 91, 92, 94, 97, 98, 99, 100]",140.0,1.0
74,148,history,9,2hxe3g0w,t6gmbou0,102,"[90, 91, 92, 94, 97, 98, 99, 100, 101]",178.0,0.0
75,148,history,9,2hxe3g0w,djcy1ldz,103,"[91, 92, 94, 97, 98, 99, 100, 101, 102]",227.0,0.0
76,148,history,9,2hxe3g0w,nj1azsjs,104,"[92, 94, 97, 98, 99, 100, 101, 102, 103]",184.0,0.0
77,148,history,9,2hxe3g0w,f3qd14uz,105,"[94, 97, 98, 99, 100, 101, 102, 103, 104]",250.0,0.0
78,148,history,9,2hxe3g0w,iw1jtbry,106,"[97, 98, 99, 100, 101, 102, 103, 104, 105]",98.0,0.0
79,148,history,9,2hxe3g0w,f09amyp9,107,"[98, 99, 100, 101, 102, 103, 104, 105, 106]",169.0,0.0
80,148,history,9,2hxe3g0w,a0i00th8,108,"[99, 100, 101, 102, 103, 104, 105, 106, 107]",168.0,0.0
81,148,history,9,2hxe3g0w,9089sb15,110,"[100, 101, 102, 103, 104, 105, 106, 107, 108]",225.0,0.0
82,148,history,9,2hxe3g0w,nke43qaw,111,"[101, 102, 103, 104, 105, 106, 107, 108, 110]",160.0,1.0
83,148,history,9,2hxe3g0w,nzktcid1,112,"[102, 103, 104, 105, 106, 107, 108, 110, 111]",239.0,0.0
84,148,history,9,2hxe3g0w,bidvwilb,113,"[103, 104, 105, 106, 107, 108, 110, 111, 112]",150.0,1.0
85,148,history,9,2hxe3g0w,bm2r7s5z,115,"[104, 105, 106, 107, 108, 110, 111, 112, 113]",100.0,0.0
86,148,history,9,2hxe3g0w,mrotogy0,116,"[105, 106, 107, 108, 110, 111, 112, 113, 115]",210.0,0.0
87,148,history,9,2hxe3g0w,0rc9a13x,117,"[106, 107, 108, 110, 111, 112, 113, 115, 116]",180.0,0.0
88,148,history,9,2hxe3g0w,ogpig99r,119,"[107, 108, 110, 111, 112, 113, 115, 116, 117]",262.0,0.0
89,148,history,9,2hxe3g0w,xwl7bzjc,120,"[108, 110, 111, 112, 113, 115, 116, 117, 119]",157.0,1.0
90,148,history,9,2hxe3g0w,qi5121wp,122,"[110, 111, 112, 113, 115, 116, 117, 119, 120]",166.0,0.0
91,148,history,9,2hxe3g0w,apf0qj6z,124,"[111, 112, 113, 115, 116, 117, 119, 120, 122]",195.0,0.0
92,148,history,9,2hxe3g0w,k6jpyidq,123,"[112, 113, 115, 116, 117, 119, 120, 122, 124]",200.0,0.0
93,148,history,9,2hxe3g0w,fgs0alkr,126,"[113, 115, 116, 117, 119, 120, 122, 124, 123]",130.0,0.0
94,148,history,9,2hxe3g0w,l6iyza5e,127,"[115, 116, 117, 119, 120, 122, 124, 123, 126]",175.0,0.0
95,148,history,9,2hxe3g0w,r2r6vbgp,128,"[116, 117, 119, 120, 122, 124, 123, 126, 127]",280.0,0.0
96,148,history,9,2hxe3g0w,h6lxht35,129,"[117, 119, 120, 122, 124, 123, 126, 127, 128]",135.0,1.0
97,148,history,9,2hxe3g0w,vn6ptfu0,130,"[119, 120, 122, 124, 123, 126, 127, 128, 129]",130.0,0.0
98,148,history,9,2hxe3g0w,v7d2qgv5,133,"[120, 122, 124, 123, 126, 127, 128, 129, 130]",92.0,0.0
99,148,history,9,2hxe3g0w,nh1so54b,135,"[122, 124, 123, 126, 127, 128, 129, 130, 133]",110.0,0.0
100,148,history,9,2hxe3g0w,6remt6b2,136,"[124, 123, 126, 127, 128, 129, 130, 133, 135]",195.0,0.0
101,148,history,9,2hxe3g0w,oj98q1o2,137,"[123, 126, 127, 128, 129, 130, 133, 135, 136]",150.0,1.0
102,148,history,9,2hxe3g0w,xn8jogrw,138,"[126, 127, 128, 129, 130, 133, 135, 136, 137]",110.0,0.0
103,148,history,9,2hxe3g0w,oj0ujn34,139,"[127, 128, 129, 130, 133, 135, 136, 137, 138]",128.0,0.0
104,148,history,9,2hxe3g0w,23o6mw3a,140,"[128, 129, 130, 133, 135, 136, 137, 138, 139]",140.0,1.0
105,148,history,9,2hxe3g0w,aeczb27d,141,"[129, 130, 133, 135, 136, 137, 138, 139, 140]",180.0,0.0
106,148,history,9,2hxe3g0w,qay1h8sa,142,"[130, 133, 135, 136, 137, 138, 139, 140, 141]",134.0,1.0
107,148,history,9,2hxe3g0w,bpk1ggn3,143,"[133, 135, 136, 137, 138, 139, 140, 141, 142]",126.0,0.0
108,148,history,9,2hxe3g0w,atykal28,144,"[135, 136, 137, 138, 139, 140, 141, 142, 143]",125.0,0.0
109,148,history,9,2hxe3g0w,xn8glvy1,145,"[136, 137, 138, 139, 140, 141, 142, 143, 144]",140.0,1.0
110,148,history,9,2hxe3g0w,s8pub06f,146,"[137, 138, 139, 140, 141, 142, 143, 144, 145]",120.0,0.0
111,148,history,9,2hxe3g0w,w2fciw5o,147,"[138, 139, 140, 141, 142, 143, 144, 145, 146]",131.0,0.0
112,148,history,9,2hxe3g0w,acvpowei,149,"[139, 140, 141, 142, 143, 144, 145, 146, 147]",161.0,1.0
113,148,history,9,2hxe3g0w,kpl1sjam,150,"[140, 141, 142, 143, 144, 145, 146, 147, 149]",144.0,0.0
114,148,history,9,2hxe3g0w,pzgswu1m,152,"[141, 142, 143, 144, 145, 146, 147, 149, 150]",160.0,1.0
115,148,history,9,2hxe3g0w,qd9m3sql,153,"[142, 143, 144, 145, 146, 147, 149, 150, 152]",152.0,1.0
116,148,history,9,2hxe3g0w,2fehu18c,155,"[143, 144, 145, 146, 147, 149, 150, 152, 153]",88.0,0.0
117,148,history,9,2hxe3g0w,inegtgk3,156,"[144, 145, 146, 147, 149, 150, 152, 153, 155]",145.0,1.0
118,148,history,9,2hxe3g0w,xat9rw2c,157,"[145, 146, 147, 149, 150, 152, 153, 155, 156]",171.0,0.0
119,148,history,9,2hxe3g0w,qk2fwd8h,158,"[146, 147, 149, 150, 152, 153, 155, 156, 157]",100.0,0.0
120,148,history,9,2hxe3g0w,v59l3c7q,159,"[147, 149, 150, 152, 153, 155, 156, 157, 158]",192.0,0.0
121,148,history,9,2hxe3g0w,mpdaqadj,162,"[149, 150, 152, 153, 155, 156, 157, 158, 159]",33.0,0.0
122,148,history,9,2hxe3g0w,qhl6rgyo,164,"[150, 152, 153, 155, 156, 157, 158, 159, 162]",171.0,0.0
123,148,history,9,2hxe3g0w,tbem630z,166,"[152, 153, 155, 156, 157, 158, 159, 162, 164]",249.0,0.0
124,148,history,9,2hxe3g0w,mhh8x6b2,167,"[153, 155, 156, 157, 158, 159, 162, 164, 166]",195.0,0.0
125,148,history,9,2hxe3g0w,6ys7q3l3,168,"[155, 156, 157, 158, 159, 162, 164, 166, 167]",157.0,0.0
126,148,history,9,2hxe3g0w,ceuijosk,169,"[156, 157, 158, 159, 162, 164, 166, 167, 168]",125.0,0.0
127,148,history,9,2hxe3g0w,vwbx56ej,170,"[157, 158, 159, 162, 164, 166, 167, 168, 169]",160.0,1.0
128,148,history,9,2hxe3g0w,mgvrw2ye,171,"[158, 159, 162, 164, 166, 167, 168, 169, 170]",139.0,1.0
129,148,history,9,2hxe3g0w,qypb1051,174,"[159, 162, 164, 166, 167, 168, 169, 170, 171]",280.0,0.0
130,148,history,9,2hxe3g0w,49226h4q,175,"[162, 164, 166, 167, 168, 169, 170, 171, 174]",100.0,0.0
131,148,history,9,2hxe3g0w,n9p3o4mr,177,"[164, 166, 167, 168, 169, 170, 171, 174, 175]",136.0,1.0
132,148,history,9,2hxe3g0w,a7vcb7z8,178,"[166, 167, 168, 169, 170, 171, 174, 175, 177]",138.0,1.0
133,148,history,9,2hxe3g0w,awrkwygl,179,"[167, 168, 169, 170, 171, 174, 175, 177, 178]",150.0,1.0
134,148,history,9,2hxe3g0w,6xmw7q1n,182,"[168, 169, 170, 171, 174, 175, 177, 178, 179]",102.0,0.0
135,148,history,9,2hxe3g0w,ykjsgkop,183,"[169, 170, 171, 174, 175, 177, 178, 179, 182]",148.0,1.0
136,148,history,9,2hxe3g0w,clrk70dz,185,"[170, 171, 174, 175, 177, 178, 179, 182, 183]",144.0,1.0
137,148,history,9,2hxe3g0w,u0inauaa,186,"[171, 174, 175, 177, 178, 179, 182, 183, 185]",100.0,0.0
138,148,history,9,2hxe3g0w,p3kdofvo,187,"[174, 175, 177, 178, 179, 182, 183, 185, 186]",197.0,0.0
139,148,history,9,2hxe3g0w,3gu8f461,188,"[175, 177, 178, 179, 182, 183, 185, 186, 187]",100.0,0.0
140,148,history,9,2hxe3g0w,65i0yquc,190,"[177, 178, 179, 182, 183, 185, 186, 187, 188]",140.0,1.0
141,148,history,9,2hxe3g0w,r3kdl2ql,191,"[178, 179, 182, 183, 185, 186, 187, 188, 190]",300.0,0.0
142,148,history,9,2hxe3g0w,t8syrzsz,192,"[179, 182, 183, 185, 186, 187, 188, 190, 191]",120.0,0.0
143,148,history,9,2hxe3g0w,t1r0w80q,193,"[182, 183, 185, 186, 187, 188, 190, 191, 192]",200.0,0.0
144,148,history,9,2hxe3g0w,5ffhsoq3,195,"[183, 185, 186, 187, 188, 190, 191, 192, 193]",125.0,0.0
145,148,history,9,2hxe3g0w,s4q7meme,196,"[185, 186, 187, 188, 190, 191, 192, 193, 195]",256.0,0.0
146,148,history,9,2hxe3g0w,5cqpk2to,197,"[186, 187, 188, 190, 191, 192, 193, 195, 196]",271.0,0.0
147,148,history,9,2hxe3g0w,sizpt9xu,199,"[187, 188, 190, 191, 192, 193, 195, 196, 197]",95.0,0.0
148,148,history,9,2hxe3g0w,7sn32ie0,200,"[188, 190, 191, 192, 193, 195, 196, 197, 199]",127.0,0.0
149,148,history,9,2hxe3g0w,94kkk7u4,201,"[190, 191, 192, 193, 195, 196, 197, 199, 200]",200.0,0.0
150,148,history,9,2hxe3g0w,3348m1a5,203,"[191, 192, 193, 195, 196, 197, 199, 200, 201]",180.0,0.0
151,148,history,9,2hxe3g0w,ygoblxz3,204,"[192, 193, 195, 196, 197, 199, 200, 201, 203]",97.0,0.0
152,148,history,9,2hxe3g0w,qdfvyhff,206,"[193, 195, 196, 197, 199, 200, 201, 203, 204]",102.0,0.0
153,148,history,9,2hxe3g0w,bcw14eo7,207,"[195, 196, 197, 199, 200, 201, 203, 204, 206]",120.0,0.0
154,148,history,9,2hxe3g0w,hg9lelnn,208,"[196, 197, 199, 200, 201, 203, 204, 206, 207]",150.0,1.0
155,148,history,9,2hxe3g0w,w2g6umkd,209,"[197, 199, 200, 201, 203, 204, 206, 207, 208]",198.0,0.0
156,148,history,9,2hxe3g0w,p1am7q0p,210,"[199, 200, 201, 203, 204, 206, 207, 208, 209]",130.0,0.0
157,148,history,9,2hxe3g0w,h45uq3dn,211,"[200, 201, 203, 204, 206, 207, 208, 209, 210]",116.0,0.0
158,148,history,9,2hxe3g0w,edivrrf4,212,"[201, 203, 204, 206, 207, 208, 209, 210, 211]",135.0,1.0
159,148,history,9,2hxe3g0w,73thyrwf,215,"[203, 204, 206, 207, 208, 209, 210, 211, 212]",148.0,1.0
160,148,history,9,2hxe3g0w,34xd1nih,216,"[204, 206, 207, 208, 209, 210, 211, 212, 215]",160.0,1.0
161,148,history,9,2hxe3g0w,yz1xewmz,217,"[206, 207, 208, 209, 210, 211, 212, 215, 216]",170.0,0.0
162,148,history,9,2hxe3g0w,xh25qot2,218,"[207, 208, 209, 210, 211, 212, 215, 216, 217]",125.0,0.0
163,148,history,9,2hxe3g0w,677q5esj,219,"[208, 209, 210, 211, 212, 215, 216, 217, 218]",210.0,0.0
164,148,history,9,2hxe3g0w,qaj8ez3d,220,"[209, 210, 211, 212, 215, 216, 217, 218, 219]",220.0,0.0
165,148,history,9,2hxe3g0w,a0hcyqpj,221,"[210, 211, 212, 215, 216, 217, 218, 219, 220]",203.0,0.0
166,148,history,9,2hxe3g0w,p9odliaj,223,"[211, 212, 215, 216, 217, 218, 219, 220, 221]",200.0,0.0
167,148,history,9,2hxe3g0w,3ul158g7,224,"[212, 215, 216, 217, 218, 219, 220, 221, 223]",100.0,0.0
168,148,history,9,2hxe3g0w,cyux5lmt,225,"[215, 216, 217, 218, 219, 220, 221, 223, 224]",168.0,0.0
169,148,history,9,2hxe3g0w,helvgwsb,226,"[216, 217, 218, 219, 220, 221, 223, 224, 225]",125.0,0.0
170,148,history,9,2hxe3g0w,narwicv2,227,"[217, 218, 219, 220, 221, 223, 224, 225, 226]",216.0,0.0
171,148,history,9,2hxe3g0w,51hcdo9g,230,"[218, 219, 220, 221, 223, 224, 225, 226, 227]",200.0,0.0
172,148,history,9,2hxe3g0w,rhed2b3z,229,"[219, 220, 221, 223, 224, 225, 226, 227, 230]",188.0,0.0
173,148,history,9,2hxe3g0w,9unwrsta,231,"[220, 221, 223, 224, 225, 226, 227, 230, 229]",174.0,0.0
174,148,history,9,2hxe3g0w,x46eyc4u,232,"[221, 223, 224, 225, 226, 227, 230, 229, 231]",190.0,0.0
175,148,history,9,2hxe3g0w,x00i62ew,233,"[223, 224, 225, 226, 227, 230, 229, 231, 232]",148.0,1.0
176,148,history,9,2hxe3g0w,yiej9s2z,234,"[224, 225, 226, 227, 230, 229, 231, 232, 233]",120.0,0.0
177,148,history,9,2hxe3g0w,ma5f4c1u,235,"[225, 226, 227, 230, 229, 231, 232, 233, 234]",200.0,0.0
178,148,history,9,2hxe3g0w,vneaeuqj,236,"[226, 227, 230, 229, 231, 232, 233, 234, 235]",107.0,0.0
179,148,history,9,2hxe3g0w,1hvxzhkn,238,"[227, 230, 229, 231, 232, 233, 234, 235, 236]",107.0,0.0
180,148,history,9,2hxe3g0w,9g0vlylr,239,"[230, 229, 231, 232, 233, 234, 235, 236, 238]",175.0,0.0
181,148,history,9,2hxe3g0w,oq37346u,240,"[229, 231, 232, 233, 234, 235, 236, 238, 239]",180.0,0.0
182,148,history,9,2hxe3g0w,u6ct4cfy,241,"[231, 232, 233, 234, 235, 236, 238, 239, 240]",156.0,1.0
183,148,history,9,2hxe3g0w,8ze1fzvh,243,"[232, 233, 234, 235, 236, 238, 239, 240, 241]",112.0,0.0
184,148,history,9,2hxe3g0w,lgsu58wz,244,"[233, 234, 235, 236, 238, 239, 240, 241, 243]",115.0,0.0
185,148,history,9,2hxe3g0w,jwafnik7,245,"[234, 235, 236, 238, 239, 240, 241, 243, 244]",225.0,0.0
186,148,history,9,2hxe3g0w,eu4rd9p0,246,"[235, 236, 238, 239, 240, 241, 243, 244, 245]",111.0,0.0
187,148,history,9,2hxe3g0w,qfhzltuh,247,"[236, 238, 239, 240, 241, 243, 244, 245, 246]",107.0,0.0
188,148,history,9,2hxe3g0w,yt0o7qkf,248,"[238, 239, 240, 241, 243, 244, 245, 246, 247]",160.0,1.0
189,148,history,9,2hxe3g0w,lixffvpk,249,"[239, 240, 241, 243, 244, 245, 246, 247, 248]",70.0,0.0
190,148,history,9,2hxe3g0w,6xahxnyv,250,"[240, 241, 243, 244, 245, 246, 247, 248, 249]",125.0,0.0
191,148,history,9,2hxe3g0w,0dw3uf72,251,"[241, 243, 244, 245, 246, 247, 248, 249, 250]",250.0,0.0
192,148,history,9,2hxe3g0w,ajna6n3e,252,"[243, 244, 245, 246, 247, 248, 249, 250, 251]",150.0,1.0
193,148,history,9,2hxe3g0w,o2i41ef4,253,"[244, 245, 246, 247, 248, 249, 250, 251, 252]",98.0,0.0
194,148,history,9,2hxe3g0w,5zqmoab4,254,"[245, 246, 247, 248, 249, 250, 251, 252, 253]",177.0,0.0
195,148,history,9,2hxe3g0w,x8mh3ceh,256,"[246, 247, 248, 249, 250, 251, 252, 253, 254]",115.0,0.0
196,148,history,9,2hxe3g0w,t0szipjr,257,"[247, 248, 249, 250, 251, 252, 253, 254, 256]",150.0,1.0
197,148,history,9,2hxe3g0w,waap2ov3,258,"[248, 249, 250, 251, 252, 253, 254, 256, 257]",120.0,0.0
198,148,history,9,2hxe3g0w,k295ukos,259,"[249, 250, 251, 252, 253, 254, 256, 257, 258]",99.0,0.0
199,148,history,9,2hxe3g0w,ckswyewy,260,"[250, 251, 252, 253, 254, 256, 257, 258, 259]",50.0,0.0
200,148,history,9,2hxe3g0w,opf53ns0,261,"[251, 252, 253, 254, 256, 257, 258, 259, 260]",24.0,0.0
201,148,history,9,2hxe3g0w,9npns7c0,262,"[252, 253, 254, 256, 257, 258, 259, 260, 261]",113.0,0.0
202,148,history,9,2hxe3g0w,8qnzkv7x,263,"[253, 254, 256, 257, 258, 259, 260, 261, 262]",100.0,0.0
203,148,history,9,2hxe3g0w,i53kovmc,264,"[254, 256, 257, 258, 259, 260, 261, 262, 263]",75.0,0.0
204,148,history,9,2hxe3g0w,qgjbll3e,265,"[256, 257, 258, 259, 260, 261, 262, 263, 264]",95.0,0.0
205,148,history,9,2hxe3g0w,dyvvx5q2,266,"[257, 258, 259, 260, 261, 262, 263, 264, 265]",120.0,0.0
206,148,history,9,2hxe3g0w,jixiovb8,268,"[258, 259, 260, 261, 262, 263, 264, 265, 266]",177.0,0.0
207,148,history,9,2hxe3g0w,fpzlgw62,269,"[259, 260, 261, 262, 263, 264, 265, 266, 268]",182.0,0.0
208,148,history,9,2hxe3g0w,mmttc1k7,270,"[260, 261, 262, 263, 264, 265, 266, 268, 269]",206.0,0.0
209,148,history,9,2hxe3g0w,ojuk1fak,271,"[261, 262, 263, 264, 265, 266, 268, 269, 270]",208.0,0.0
210,148,history,9,2hxe3g0w,p3cwpvn1,272,"[262, 263, 264, 265, 266, 268, 269, 270, 271]",51.0,0.0
211,148,history,9,2hxe3g0w,xkn4971f,273,"[263, 264, 265, 266, 268, 269, 270, 271, 272]",152.0,1.0
212,148,history,9,2hxe3g0w,p1s9hew8,274,"[264, 265, 266, 268, 269, 270, 271, 272, 273]",255.0,0.0
213,148,history,9,2hxe3g0w,ywimz4ym,275,"[265, 266, 268, 269, 270, 271, 272, 273, 274]",219.0,0.0
214,148,history,9,2hxe3g0w,rha3due4,276,"[266, 268, 269, 270, 271, 272, 273, 274, 275]",128.0,0.0
215,148,history,9,2hxe3g0w,08b5xojj,277,"[268, 269, 270, 271, 272, 273, 274, 275, 276]",175.0,0.0
216,148,history,9,2hxe3g0w,iflxzmrj,279,"[269, 270, 271, 272, 273, 274, 275, 276, 277]",130.0,0.0
217,148,history,9,2hxe3g0w,gf0hvguc,280,"[270, 271, 272, 273, 274, 275, 276, 277, 279]",241.0,0.0
218,148,history,9,2hxe3g0w,kjszl1jy,281,"[271, 272, 273, 274, 275, 276, 277, 279, 280]",268.0,0.0
219,148,history,9,2hxe3g0w,k737nz6v,283,"[272, 273, 274, 275, 276, 277, 279, 280, 281]",320.0,0.0
220,148,history,9,2hxe3g0w,pd12eo3i,284,"[273, 274, 275, 276, 277, 279, 280, 281, 283]",196.0,0.0
221,148,history,9,2hxe3g0w,ts7usunn,287,"[274, 275, 276, 277, 279, 280, 281, 283, 284]",175.0,0.0
222,148,history,9,2hxe3g0w,3gorx5mh,288,"[275, 276, 277, 279, 280, 281, 283, 284, 287]",210.0,0.0
223,148,history,9,2hxe3g0w,xi1lw8vt,289,"[276, 277, 279, 280, 281, 283, 284, 287, 288]",230.0,0.0
224,148,history,9,2hxe3g0w,e0x2jl19,290,"[277, 279, 280, 281, 283, 284, 287, 288, 289]",200.0,0.0
225,148,history,9,2hxe3g0w,achf6lch,291,"[279, 280, 281, 283, 284, 287, 288, 289, 290]",120.0,0.0
226,148,history,9,2hxe3g0w,e62rv4yz,292,"[280, 281, 283, 284, 287, 288, 289, 290, 291]",175.0,0.0
227,148,history,9,2hxe3g0w,xln5j9kh,293,"[281, 283, 284, 287, 288, 289, 290, 291, 292]",115.0,0.0
228,148,history,9,2hxe3g0w,s0we34kb,295,"[283, 284, 287, 288, 289, 290, 291, 292, 293]",215.0,0.0
229,148,history,9,2hxe3g0w,mg7tpdmg,296,"[284, 287, 288, 289, 290, 291, 292, 293, 295]",180.0,0.0
230,148,history,9,2hxe3g0w,ok8ur4mb,297,"[287, 288, 289, 290, 291, 292, 293, 295, 296]",168.0,0.0
231,148,history,9,2hxe3g0w,a37pczf5,298,"[288, 289, 290, 291, 292, 293, 295, 296, 297]",180.0,0.0
232,148,history,9,2hxe3g0w,v1hanhhb,300,"[289, 290, 291, 292, 293, 295, 296, 297, 298]",119.0,0.0
233,148,history,9,2hxe3g0w,52tjuan0,301,"[290, 291, 292, 293, 295, 296, 297, 298, 300]",145.0,1.0
234,148,history,9,2hxe3g0w,vhr5lcjp,303,"[291, 292, 293, 295, 296, 297, 298, 300, 301]",150.0,1.0
235,148,history,9,2hxe3g0w,oqdkjrtj,302,"[292, 293, 295, 296, 297, 298, 300, 301, 303]",155.0,1.0
236,148,history,9,2hxe3g0w,dhl0avb0,304,"[293, 295, 296, 297, 298, 300, 301, 303, 302]",170.0,0.0
237,148,history,9,2hxe3g0w,td26np89,305,"[295, 296, 297, 298, 300, 301, 303, 302, 304]",290.0,0.0
238,148,history,9,2hxe3g0w,ta7dprdi,307,"[296, 297, 298, 300, 301, 303, 302, 304, 305]",169.0,0.0
239,148,history,9,2hxe3g0w,es3d20b5,309,"[297, 298, 300, 301, 303, 302, 304, 305, 307]",56.0,0.0
240,148,history,9,2hxe3g0w,gh7cepek,310,"[298, 300, 301, 303, 302, 304, 305, 307, 309]",145.0,1.0
241,148,history,9,2hxe3g0w,83oz4um6,312,"[300, 301, 303, 302, 304, 305, 307, 309, 310]",242.0,0.0
242,148,history,9,2hxe3g0w,g2ac7mcs,313,"[301, 303, 302, 304, 305, 307, 309, 310, 312]",150.0,1.0
243,148,history,9,2hxe3g0w,jxoccpyp,314,"[303, 302, 304, 305, 307, 309, 310, 312, 313]",230.0,0.0
244,148,history,9,2hxe3g0w,7mqf3qr1,315,"[302, 304, 305, 307, 309, 310, 312, 313, 314]",177.0,0.0
245,148,history,9,2hxe3g0w,enk8f610,316,"[304, 305, 307, 309, 310, 312, 313, 314, 315]",150.0,1.0
246,148,history,9,2hxe3g0w,k4jw1jcl,317,"[305, 307, 309, 310, 312, 313, 314, 315, 316]",242.0,0.0
247,148,history,9,2hxe3g0w,iyflbefi,318,"[307, 309, 310, 312, 313, 314, 315, 316, 317]",120.0,0.0
248,148,history,9,2hxe3g0w,1qiod8ey,320,"[309, 310, 312, 313, 314, 315, 316, 317, 318]",230.0,0.0
249,148,history,9,2hxe3g0w,39usvehl,321,"[310, 312, 313, 314, 315, 316, 317, 318, 320]",120.0,0.0
250,148,history,9,2hxe3g0w,ywhu37y7,322,"[312, 313, 314, 315, 316, 317, 318, 320, 321]",225.0,0.0
251,148,history,9,2hxe3g0w,yhb22xci,323,"[313, 314, 315, 316, 317, 318, 320, 321, 322]",125.0,0.0
252,148,history,9,2hxe3g0w,q3k8ok8y,324,"[314, 315, 316, 317, 318, 320, 321, 322, 323]",120.0,0.0
253,148,history,9,2hxe3g0w,yex1if4l,325,"[315, 316, 317, 318, 320, 321, 322, 323, 324]",226.0,0.0
254,148,history,9,2hxe3g0w,owm05zlg,326,"[316, 317, 318, 320, 321, 322, 323, 324, 325]",275.0,0.0
255,148,history,9,2hxe3g0w,ix47dic6,327,"[317, 318, 320, 321, 322, 323, 324, 325, 326]",132.0,0.0
256,148,history,9,2hxe3g0w,hecpispu,328,"[318, 320, 321, 322, 323, 324, 325, 326, 327]",155.0,1.0
257,148,history,9,2hxe3g0w,gnmrz1ag,329,"[320, 321, 322, 323, 324, 325, 326, 327, 328]",136.0,1.0
258,148,history,9,2hxe3g0w,xppjy8mb,330,"[321, 322, 323, 324, 325, 326, 327, 328, 329]",125.0,0.0
259,148,history,9,2hxe3g0w,6p0hyfko,331,"[322, 323, 324, 325, 326, 327, 328, 329, 330]",325.0,0.0
260,148,history,9,2hxe3g0w,ofgwiin3,332,"[323, 324, 325, 326, 327, 328, 329, 330, 331]",595959.0,0.0
261,148,history,9,2hxe3g0w,w616c2fp,333,"[324, 325, 326, 327, 328, 329, 330, 331, 332]",161.0,1.0
262,148,history,9,2hxe3g0w,f0sk5rcu,334,"[325, 326, 327, 328, 329, 330, 331, 332, 333]",153.0,1.0
263,148,history,9,2hxe3g0w,3gec8dgl,335,"[326, 327, 328, 329, 330, 331, 332, 333, 334]",210.0,0.0
264,148,history,9,2hxe3g0w,080gwgfr,336,"[327, 328, 329, 330, 331, 332, 333, 334, 335]",125.0,0.0
265,148,history,9,2hxe3g0w,vh7sw0my,337,"[328, 329, 330, 331, 332, 333, 334, 335, 336]",175.0,0.0
266,148,history,9,2hxe3g0w,xij58vk5,339,"[329, 330, 331, 332, 333, 334, 335, 336, 337]",138.0,1.0
267,148,history,9,2hxe3g0w,g6ysvf3r,340,"[330, 331, 332, 333, 334, 335, 336, 337, 339]",100.0,0.0
268,148,history,9,2hxe3g0w,7ligeufx,341,"[331, 332, 333, 334, 335, 336, 337, 339, 340]",130.0,0.0
269,148,history,9,2hxe3g0w,vt3af3uw,342,"[332, 333, 334, 335, 336, 337, 339, 340, 341]",175.0,0.0
270,148,history,9,2hxe3g0w,gwivjfgp,344,"[333, 334, 335, 336, 337, 339, 340, 341, 342]",176.0,0.0
271,148,history,9,2hxe3g0w,xk6miiaf,345,"[334, 335, 336, 337, 339, 340, 341, 342, 344]",100.0,0.0
272,148,history,9,2hxe3g0w,uqtsuvlv,346,"[335, 336, 337, 339, 340, 341, 342, 344, 345]",327.0,0.0
273,148,history,9,2hxe3g0w,13dhqa9c,347,"[336, 337, 339, 340, 341, 342, 344, 345, 346]",397.0,0.0
274,148,history,9,2hxe3g0w,lrvypkx3,348,"[337, 339, 340, 341, 342, 344, 345, 346, 347]",84.0,0.0
275,148,history,9,2hxe3g0w,ymj0nx98,350,"[339, 340, 341, 342, 344, 345, 346, 347, 348]",156.0,1.0
276,148,history,9,2hxe3g0w,wk1tw0c7,351,"[340, 341, 342, 344, 345, 346, 347, 348, 350]",213.0,0.0
277,148,history,9,2hxe3g0w,pdijcc2g,352,"[341, 342, 344, 345, 346, 347, 348, 350, 351]",250.0,0.0
278,148,history,9,2hxe3g0w,363o3jvb,353,"[342, 344, 345, 346, 347, 348, 350, 351, 352]",160.0,1.0
279,148,history,9,2hxe3g0w,g7mzovi0,354,"[344, 345, 346, 347, 348, 350, 351, 352, 353]",135.0,1.0
280,148,history,9,2hxe3g0w,ltqb9x55,355,"[345, 346, 347, 348, 350, 351, 352, 353, 354]",100.0,0.0
281,148,history,9,2hxe3g0w,sv65ndq4,357,"[346, 347, 348, 350, 351, 352, 353, 354, 355]",97.0,0.0
282,148,history,9,2hxe3g0w,kd11353j,358,"[347, 348, 350, 351, 352, 353, 354, 355, 357]",227.0,0.0
283,148,history,9,2hxe3g0w,vfxy1ggp,361,"[348, 350, 351, 352, 353, 354, 355, 357, 358]",95.0,0.0
284,148,history,9,2hxe3g0w,jak9x4zs,365,"[350, 351, 352, 353, 354, 355, 357, 358, 361]",150.0,1.0
285,148,history,9,2hxe3g0w,w5qvj2d4,366,"[351, 352, 353, 354, 355, 357, 358, 361, 365]",200.0,0.0
286,148,history,9,2hxe3g0w,iep8djxk,367,"[352, 353, 354, 355, 357, 358, 361, 365, 366]",175.0,0.0
287,148,history,9,2hxe3g0w,5ionk81m,369,"[353, 354, 355, 357, 358, 361, 365, 366, 367]",170.0,0.0
288,148,history,9,2hxe3g0w,m752t3sa,370,"[354, 355, 357, 358, 361, 365, 366, 367, 369]",140.0,1.0
289,148,history,9,2hxe3g0w,576moees,371,"[355, 357, 358, 361, 365, 366, 367, 369, 370]",175.0,0.0
290,148,history,9,2hxe3g0w,788hvz60,372,"[357, 358, 361, 365, 366, 367, 369, 370, 371]",112.0,0.0
291,148,history,9,2hxe3g0w,3qvdaix2,373,"[358, 361, 365, 366, 367, 369, 370, 371, 372]",473.0,0.0
292,148,history,9,2hxe3g0w,cgjrmu01,374,"[361, 365, 366, 367, 369, 370, 371, 372, 373]",189.0,0.0
293,148,history,9,2hxe3g0w,gak9bcvp,375,"[365, 366, 367, 369, 370, 371, 372, 373, 374]",167.0,0.0
294,148,history,9,2hxe3g0w,6tcw087v,376,"[366, 367, 369, 370, 371, 372, 373, 374, 375]",140.0,1.0
295,148,history,9,2hxe3g0w,h74ojiik,377,"[367, 369, 370, 371, 372, 373, 374, 375, 376]",204.0,0.0
296,148,history,9,2hxe3g0w,pwgwbmvf,379,"[369, 370, 371, 372, 373, 374, 375, 376, 377]",114.0,0.0
297,148,history,9,2hxe3g0w,91fnzihw,380,"[370, 371, 372, 373, 374, 375, 376, 377, 379]",85.0,0.0
298,148,history,9,2hxe3g0w,2azo1frf,381,"[371, 372, 373, 374, 375, 376, 377, 379, 380]",240.0,0.0
299,148,history,9,2hxe3g0w,fpvlo1vg,382,"[372, 373, 374, 375, 376, 377, 379, 380, 381]",600.0,0.0
300,148,history,9,2hxe3g0w,xzetcyxe,383,"[373, 374, 375, 376, 377, 379, 380, 381, 382]",44004.0,0.0
301,148,history,9,2hxe3g0w,93wnhm4o,384,"[374, 375, 376, 377, 379, 380, 381, 382, 383]",209.0,0.0
302,148,history,9,2hxe3g0w,5ra7i59i,385,"[375, 376, 377, 379, 380, 381, 382, 383, 384]",269.0,0.0
303,148,history,9,2hxe3g0w,8ca21txz,387,"[376, 377, 379, 380, 381, 382, 383, 384, 385]",42.0,0.0
304,148,history,9,2hxe3g0w,egkknzlx,388,"[377, 379, 380, 381, 382, 383, 384, 385, 387]",150.0,1.0
305,148,history,9,2hxe3g0w,4cnkvyvv,389,"[379, 380, 381, 382, 383, 384, 385, 387, 388]",180.0,0.0
306,148,history,9,2hxe3g0w,zhj08dzl,390,"[380, 381, 382, 383, 384, 385, 387, 388, 389]",143.0,1.0
307,148,history,9,2hxe3g0w,26pdsc8i,391,"[381, 382, 383, 384, 385, 387, 388, 389, 390]",210.0,0.0
308,148,history,9,2hxe3g0w,03pn0ppv,392,"[382, 383, 384, 385, 387, 388, 389, 390, 391]",248.0,0.0
309,148,history,9,2hxe3g0w,z210ljx2,394,"[383, 384, 385, 387, 388, 389, 390, 391, 392]",150.0,1.0
310,148,history,9,2hxe3g0w,mqaa61da,395,"[384, 385, 387, 388, 389, 390, 391, 392, 394]",185.0,0.0
311,148,history,9,2hxe3g0w,y0h1qcnm,396,"[385, 387, 388, 389, 390, 391, 392, 394, 395]",160.0,1.0
312,148,history,9,2hxe3g0w,9n8xg2jm,397,"[387, 388, 389, 390, 391, 392, 394, 395, 396]",138.0,1.0
313,148,history,9,2hxe3g0w,4msvxddr,398,"[388, 389, 390, 391, 392, 394, 395, 396, 397]",333.0,0.0
314,148,history,9,2hxe3g0w,zpldb1qs,399,"[389, 390, 391, 392, 394, 395, 396, 397, 398]",185.0,0.0
315,148,history,9,2hxe3g0w,6njcko5u,400,"[390, 391, 392, 394, 395, 396, 397, 398, 399]",228.0,0.0
316,148,history,9,2hxe3g0w,dgj4jq8x,401,"[391, 392, 394, 395, 396, 397, 398, 399, 400]",140.0,1.0
317,148,history,9,2hxe3g0w,rqobqckz,402,"[392, 394, 395, 396, 397, 398, 399, 400, 401]",150.0,1.0
318,148,history,9,2hxe3g0w,06ahuxhm,403,"[394, 395, 396, 397, 398, 399, 400, 401, 402]",100.0,0.0
319,148,history,9,2hxe3g0w,0k0hvf91,404,"[395, 396, 397, 398, 399, 400, 401, 402, 403]",333.0,0.0
320,148,history,9,2hxe3g0w,5pgg38jl,405,"[396, 397, 398, 399, 400, 401, 402, 403, 404]",160.0,1.0
321,148,history,9,2hxe3g0w,qnxq5ai1,406,"[397, 398, 399, 400, 401, 402, 403, 404, 405]",155.0,1.0
322,148,history,9,2hxe3g0w,nlkijkp5,407,"[398, 399, 400, 401, 402, 403, 404, 405, 406]",146.0,1.0
323,148,history,9,2hxe3g0w,holu0j21,408,"[399, 400, 401, 402, 403, 404, 405, 406, 407]",155.0,1.0
324,148,history,9,2hxe3g0w,nbas6hi9,409,"[400, 401, 402, 403, 404, 405, 406, 407, 408]",333.0,0.0
325,148,history,9,2hxe3g0w,d2cssct4,410,"[401, 402, 403, 404, 405, 406, 407, 408, 409]",160.0,1.0
326,148,history,9,2hxe3g0w,431sqzoa,411,"[402, 403, 404, 405, 406, 407, 408, 409, 410]",130.0,0.0
327,148,history,9,2hxe3g0w,o852gi7j,412,"[403, 404, 405, 406, 407, 408, 409, 410, 411]",128.0,0.0
328,148,history,9,2hxe3g0w,8zb5omi0,413,"[404, 405, 406, 407, 408, 409, 410, 411, 412]",600.0,0.0
329,148,history,9,2hxe3g0w,m2ehjvn1,415,"[405, 406, 407, 408, 409, 410, 411, 412, 413]",125.0,0.0
330,148,history,9,2hxe3g0w,prsf2cru,416,"[406, 407, 408, 409, 410, 411, 412, 413, 415]",220.0,0.0
331,148,history,9,2hxe3g0w,81v8cce5,417,"[407, 408, 409, 410, 411, 412, 413, 415, 416]",120.0,0.0
332,148,history,9,2hxe3g0w,q0mbtp0i,418,"[408, 409, 410, 411, 412, 413, 415, 416, 417]",140.0,1.0
333,148,history,9,2hxe3g0w,d0ru2osc,419,"[409, 410, 411, 412, 413, 415, 416, 417, 418]",145.0,1.0
334,148,history,9,2hxe3g0w,fxyon62c,420,"[410, 411, 412, 413, 415, 416, 417, 418, 419]",210.0,0.0
335,148,history,9,2hxe3g0w,nqueo2ze,421,"[411, 412, 413, 415, 416, 417, 418, 419, 420]",120.0,0.0
336,148,history,9,2hxe3g0w,wd5b026l,422,"[412, 413, 415, 416, 417, 418, 419, 420, 421]",130.0,0.0
337,148,history,9,2hxe3g0w,6vm40qhz,423,"[413, 415, 416, 417, 418, 419, 420, 421, 422]",145.0,1.0
338,148,history,9,2hxe3g0w,eor0857h,424,"[415, 416, 417, 418, 419, 420, 421, 422, 423]",145.0,1.0
339,148,history,9,2hxe3g0w,h066bpf6,425,"[416, 417, 418, 419, 420, 421, 422, 423, 424]",100.0,0.0
340,148,history,9,2hxe3g0w,uqkxtxpv,426,"[417, 418, 419, 420, 421, 422, 423, 424, 425]",105.0,0.0
341,148,history,9,2hxe3g0w,lnj6ajg8,427,"[418, 419, 420, 421, 422, 423, 424, 425, 426]",120.0,0.0
342,148,history,9,2hxe3g0w,dvc6akzt,428,"[419, 420, 421, 422, 423, 424, 425, 426, 427]",145.0,1.0
343,148,history,9,2hxe3g0w,1rj4enu5,429,"[420, 421, 422, 423, 424, 425, 426, 427, 428]",150.0,1.0
344,148,history,9,2hxe3g0w,ilkc8gva,430,"[421, 422, 423, 424, 425, 426, 427, 428, 429]",120.0,0.0
345,148,history,9,2hxe3g0w,a7jpfzb8,431,"[422, 423, 424, 425, 426, 427, 428, 429, 430]",200.0,0.0
346,148,history,9,2hxe3g0w,u9is1tj3,432,"[423, 424, 425, 426, 427, 428, 429, 430, 431]",240.0,0.0
347,148,history,9,2hxe3g0w,vfvhbo7t,433,"[424, 425, 426, 427, 428, 429, 430, 431, 432]",163.0,0.0
348,148,history,9,2hxe3g0w,uzf4fpqj,434,"[425, 426, 427, 428, 429, 430, 431, 432, 433]",135.0,1.0
349,148,history,9,2hxe3g0w,f1iptbpx,435,"[426, 427, 428, 429, 430, 431, 432, 433, 434]",163.0,0.0
350,148,history,9,2hxe3g0w,nxgol270,436,"[427, 428, 429, 430, 431, 432, 433, 434, 435]",137.0,1.0
351,148,history,9,2hxe3g0w,qpcgf3fc,437,"[428, 429, 430, 431, 432, 433, 434, 435, 436]",125.0,0.0
352,148,history,9,2hxe3g0w,crfalva8,438,"[429, 430, 431, 432, 433, 434, 435, 436, 437]",198.0,0.0
353,148,history,9,2hxe3g0w,noxt7ss4,439,"[430, 431, 432, 433, 434, 435, 436, 437, 438]",220.0,0.0
354,148,history,9,2hxe3g0w,3h2ex64g,440,"[431, 432, 433, 434, 435, 436, 437, 438, 439]",125.0,0.0
355,148,history,9,2hxe3g0w,83q7bjo2,441,"[432, 433, 434, 435, 436, 437, 438, 439, 440]",200.0,0.0
356,148,history,9,2hxe3g0w,93fpuuby,442,"[433, 434, 435, 436, 437, 438, 439, 440, 441]",100.0,0.0
357,148,history,9,2hxe3g0w,o904k9tp,443,"[434, 435, 436, 437, 438, 439, 440, 441, 442]",134.0,1.0
358,148,history,9,2hxe3g0w,r52uafgg,444,"[435, 436, 437, 438, 439, 440, 441, 442, 443]",160.0,1.0
359,148,history,9,2hxe3g0w,xo4m194c,445,"[436, 437, 438, 439, 440, 441, 442, 443, 444]",260.0,0.0
360,148,history,9,2hxe3g0w,mu1t0glk,446,"[437, 438, 439, 440, 441, 442, 443, 444, 445]",154.0,1.0
361,148,history,9,2hxe3g0w,fvn8bw9n,448,"[438, 439, 440, 441, 442, 443, 444, 445, 446]",182.0,0.0
362,148,history,9,2hxe3g0w,4mzcrlpa,447,"[439, 440, 441, 442, 443, 444, 445, 446, 448]",134.0,1.0
363,148,history,9,2hxe3g0w,zpm8aymr,449,"[440, 441, 442, 443, 444, 445, 446, 448, 447]",160.0,1.0
364,148,history,9,2hxe3g0w,nbuupbiv,450,"[441, 442, 443, 444, 445, 446, 448, 447, 449]",219.0,0.0
365,148,history,9,2hxe3g0w,xid78e3p,451,"[442, 443, 444, 445, 446, 448, 447, 449, 450]",97.0,0.0
366,148,history,9,2hxe3g0w,pcdnk0jq,452,"[443, 444, 445, 446, 448, 447, 449, 450, 451]",220.0,0.0
367,148,history,9,2hxe3g0w,1quq97qq,453,"[444, 445, 446, 448, 447, 449, 450, 451, 452]",150.0,1.0
368,148,history,9,2hxe3g0w,t21tj1h4,454,"[445, 446, 448, 447, 449, 450, 451, 452, 453]",161.0,1.0
369,148,history,9,2hxe3g0w,j30db5x4,455,"[446, 448, 447, 449, 450, 451, 452, 453, 454]",182.0,0.0
370,148,history,9,2hxe3g0w,zgynqqmf,456,"[448, 447, 449, 450, 451, 452, 453, 454, 455]",250.0,0.0
371,148,history,9,2hxe3g0w,arhhw4ll,457,"[447, 449, 450, 451, 452, 453, 454, 455, 456]",225.0,0.0
372,148,history,9,2hxe3g0w,bivhg6d6,458,"[449, 450, 451, 452, 453, 454, 455, 456, 457]",110.0,0.0
373,148,history,9,2hxe3g0w,1ec88eyg,459,"[450, 451, 452, 453, 454, 455, 456, 457, 458]",143.0,1.0
374,148,history,9,2hxe3g0w,0lk4jq51,460,"[451, 452, 453, 454, 455, 456, 457, 458, 459]",102.0,0.0
375,148,history,9,2hxe3g0w,jyhf0487,461,"[452, 453, 454, 455, 456, 457, 458, 459, 460]",155.0,1.0
376,148,history,9,2hxe3g0w,feddslh6,462,"[453, 454, 455, 456, 457, 458, 459, 460, 461]",230.0,0.0
377,148,history,9,2hxe3g0w,7yzttpcf,463,"[454, 455, 456, 457, 458, 459, 460, 461, 462]",182.0,0.0
378,148,history,9,2hxe3g0w,o0couyjc,464,"[455, 456, 457, 458, 459, 460, 461, 462, 463]",100.0,0.0
379,148,history,9,2hxe3g0w,00eo7jts,465,"[456, 457, 458, 459, 460, 461, 462, 463, 464]",103.0,0.0
380,148,history,9,2hxe3g0w,aomk9r0q,466,"[457, 458, 459, 460, 461, 462, 463, 464, 465]",159.0,1.0
381,148,history,9,2hxe3g0w,hryf9d3v,467,"[458, 459, 460, 461, 462, 463, 464, 465, 466]",180.0,0.0
382,148,history,9,2hxe3g0w,i3dcgjab,468,"[459, 460, 461, 462, 463, 464, 465, 466, 467]",130.0,0.0
383,148,history,9,2hxe3g0w,ktrt7j20,469,"[460, 461, 462, 463, 464, 465, 466, 467, 468]",130.0,0.0
384,148,history,9,2hxe3g0w,rnfu6p8g,470,"[461, 462, 463, 464, 465, 466, 467, 468, 469]",115.0,0.0
385,148,history,9,2hxe3g0w,az6xr01t,471,"[462, 463, 464, 465, 466, 467, 468, 469, 470]",149.0,1.0
386,148,history,9,2hxe3g0w,0oyahfuk,472,"[463, 464, 465, 466, 467, 468, 469, 470, 471]",145.0,1.0
387,148,history,9,2hxe3g0w,aqvvvbgp,473,"[464, 465, 466, 467, 468, 469, 470, 471, 472]",176.0,0.0
388,148,history,9,2hxe3g0w,ri9ayw30,474,"[465, 466, 467, 468, 469, 470, 471, 472, 473]",225.0,0.0
389,148,history,9,2hxe3g0w,hyf3ksci,476,"[466, 467, 468, 469, 470, 471, 472, 473, 474]",248.0,0.0
390,148,history,9,2hxe3g0w,2o5gprku,477,"[467, 468, 469, 470, 471, 472, 473, 474, 476]",202.0,0.0
391,148,history,9,2hxe3g0w,oupfe1e5,478,"[468, 469, 470, 471, 472, 473, 474, 476, 477]",150.0,1.0
392,148,history,9,2hxe3g0w,jnmo6hgc,479,"[469, 470, 471, 472, 473, 474, 476, 477, 478]",115.0,0.0
393,148,history,9,2hxe3g0w,bmxm6azc,480,"[470, 471, 472, 473, 474, 476, 477, 478, 479]",240.0,0.0
394,148,history,9,2hxe3g0w,gcpist2h,481,"[471, 472, 473, 474, 476, 477, 478, 479, 480]",120.0,0.0
395,148,history,9,2hxe3g0w,gy2qix8u,482,"[472, 473, 474, 476, 477, 478, 479, 480, 481]",128.0,0.0
396,148,history,9,2hxe3g0w,kjhtuv56,483,"[473, 474, 476, 477, 478, 479, 480, 481, 482]",136.0,1.0
397,148,history,9,2hxe3g0w,ywumby9f,484,"[474, 476, 477, 478, 479, 480, 481, 482, 483]",315.0,0.0
398,148,history,9,2hxe3g0w,tq63tuf1,485,"[476, 477, 478, 479, 480, 481, 482, 483, 484]",210.0,0.0
399,148,history,9,2hxe3g0w,pyitlag9,486,"[477, 478, 479, 480, 481, 482, 483, 484, 485]",175.0,0.0
400,148,history,9,2hxe3g0w,4qngmapi,487,"[478, 479, 480, 481, 482, 483, 484, 485, 486]",153.0,1.0
401,148,history,9,2hxe3g0w,waep07rr,488,"[479, 480, 481, 482, 483, 484, 485, 486, 487]",143.0,1.0
402,148,history,9,2hxe3g0w,wzwts705,489,"[480, 481, 482, 483, 484, 485, 486, 487, 488]",67.0,0.0
403,148,history,9,2hxe3g0w,0myei75v,490,"[481, 482, 483, 484, 485, 486, 487, 488, 489]",160.0,1.0
404,148,history,9,2hxe3g0w,pkvpirkw,491,"[482, 483, 484, 485, 486, 487, 488, 489, 490]",264.0,0.0
405,148,history,9,2hxe3g0w,svlo56d5,492,"[483, 484, 485, 486, 487, 488, 489, 490, 491]",150.0,1.0
406,148,history,9,2hxe3g0w,hmejk1u5,493,"[484, 485, 486, 487, 488, 489, 490, 491, 492]",420.0,0.0
407,148,history,9,2hxe3g0w,hhfxrj6j,494,"[485, 486, 487, 488, 489, 490, 491, 492, 493]",188.0,0.0
408,148,history,9,2hxe3g0w,6skqq3vu,495,"[486, 487, 488, 489, 490, 491, 492, 493, 494]",101.0,0.0
409,148,history,9,2hxe3g0w,puabdrtz,496,"[487, 488, 489, 490, 491, 492, 493, 494, 495]",170.0,0.0
410,148,history,9,2hxe3g0w,sweebt27,497,"[488, 489, 490, 491, 492, 493, 494, 495, 496]",160.0,1.0
411,148,history,9,2hxe3g0w,jl7dglwu,498,"[489, 490, 491, 492, 493, 494, 495, 496, 497]",350.0,0.0
412,148,history,9,2hxe3g0w,i89u00rc,499,"[490, 491, 492, 493, 494, 495, 496, 497, 498]",135.0,1.0
413,148,history,9,2hxe3g0w,00nm0hkc,501,"[491, 492, 493, 494, 495, 496, 497, 498, 499]",150.0,1.0
414,148,history,9,2hxe3g0w,nezerj4z,502,"[492, 493, 494, 495, 496, 497, 498, 499, 501]",200.0,0.0
415,148,history,9,2hxe3g0w,26uhjo7s,503,"[493, 494, 495, 496, 497, 498, 499, 501, 502]",145.0,1.0
416,148,history,9,2hxe3g0w,7ngvomr0,504,"[494, 495, 496, 497, 498, 499, 501, 502, 503]",167.0,0.0
417,148,history,9,2hxe3g0w,0gw9ieag,505,"[495, 496, 497, 498, 499, 501, 502, 503, 504]",172.0,0.0
418,148,history,9,2hxe3g0w,bzkpas3q,506,"[496, 497, 498, 499, 501, 502, 503, 504, 505]",105.0,0.0
419,148,history,9,2hxe3g0w,25ov3lv8,507,"[497, 498, 499, 501, 502, 503, 504, 505, 506]",130.0,0.0
420,148,history,9,2hxe3g0w,xcy0fvh2,508,"[498, 499, 501, 502, 503, 504, 505, 506, 507]",140.0,1.0
421,148,history,9,2hxe3g0w,eeb0k0z2,509,"[499, 501, 502, 503, 504, 505, 506, 507, 508]",90.0,0.0
422,148,history,9,2hxe3g0w,vrl107is,510,"[501, 502, 503, 504, 505, 506, 507, 508, 509]",97.0,0.0
423,148,history,9,2hxe3g0w,2ayvpr3r,511,"[502, 503, 504, 505, 506, 507, 508, 509, 510]",150.0,1.0
424,148,history,9,2hxe3g0w,xurj8iyp,513,"[503, 504, 505, 506, 507, 508, 509, 510, 511]",149.0,1.0
425,148,history,9,2hxe3g0w,bzs0b1sk,514,"[504, 505, 506, 507, 508, 509, 510, 511, 513]",141.0,1.0
426,148,history,9,2hxe3g0w,r70b42r5,515,"[505, 506, 507, 508, 509, 510, 511, 513, 514]",131.0,0.0
427,148,history,9,2hxe3g0w,pclupxfc,516,"[506, 507, 508, 509, 510, 511, 513, 514, 515]",110.0,0.0
428,148,history,9,2hxe3g0w,s7ky2lq3,518,"[507, 508, 509, 510, 511, 513, 514, 515, 516]",151.0,1.0
429,148,history,9,2hxe3g0w,ousmj8kv,517,"[508, 509, 510, 511, 513, 514, 515, 516, 518]",130.0,0.0
430,148,history,9,2hxe3g0w,lg8sfv5c,519,"[509, 510, 511, 513, 514, 515, 516, 518, 517]",150.0,1.0
431,148,history,9,2hxe3g0w,71i1zs2g,520,"[510, 511, 513, 514, 515, 516, 518, 517, 519]",162.0,1.0
432,148,history,9,2hxe3g0w,wq6kottr,522,"[511, 513, 514, 515, 516, 518, 517, 519, 520]",124.0,0.0
433,148,history,9,2hxe3g0w,l49fdhzf,523,"[513, 514, 515, 516, 518, 517, 519, 520, 522]",341.0,0.0
434,148,history,9,2hxe3g0w,jvcfb2mt,524,"[514, 515, 516, 518, 517, 519, 520, 522, 523]",126.0,0.0
435,148,history,9,2hxe3g0w,v3e2mjmf,525,"[515, 516, 518, 517, 519, 520, 522, 523, 524]",120.0,0.0
436,148,history,9,2hxe3g0w,x070ra3s,526,"[516, 518, 517, 519, 520, 522, 523, 524, 525]",95.0,0.0
437,148,history,9,2hxe3g0w,s8pwt7v9,527,"[518, 517, 519, 520, 522, 523, 524, 525, 526]",100.0,0.0
438,148,history,9,2hxe3g0w,kpc3bf4g,529,"[517, 519, 520, 522, 523, 524, 525, 526, 527]",14040.0,0.0
439,148,history,9,2hxe3g0w,3mb4pzv6,530,"[519, 520, 522, 523, 524, 525, 526, 527, 529]",230.0,0.0
440,148,history,9,2hxe3g0w,t6xudszr,531,"[520, 522, 523, 524, 525, 526, 527, 529, 530]",100.0,0.0
441,148,history,9,2hxe3g0w,zgrhrren,532,"[522, 523, 524, 525, 526, 527, 529, 530, 531]",160.0,1.0
442,148,history,9,2hxe3g0w,rfndbh3c,534,"[523, 524, 525, 526, 527, 529, 530, 531, 532]",115.0,0.0
443,148,history,9,2hxe3g0w,w9oxasne,535,"[524, 525, 526, 527, 529, 530, 531, 532, 534]",280.0,0.0
444,148,history,9,2hxe3g0w,vmrcvpky,536,"[525, 526, 527, 529, 530, 531, 532, 534, 535]",123.0,0.0
445,148,history,9,2hxe3g0w,g53omnl3,537,"[526, 527, 529, 530, 531, 532, 534, 535, 536]",120.0,0.0
446,148,history,9,2hxe3g0w,hib2e267,538,"[527, 529, 530, 531, 532, 534, 535, 536, 537]",120.0,0.0
447,148,history,9,2hxe3g0w,hnr78al7,539,"[529, 530, 531, 532, 534, 535, 536, 537, 538]",243.0,0.0
448,148,history,9,2hxe3g0w,gxorrknk,540,"[530, 531, 532, 534, 535, 536, 537, 538, 539]",250.0,0.0
449,148,history,9,2hxe3g0w,lvok3z7x,541,"[531, 532, 534, 535, 536, 537, 538, 539, 540]",120.0,0.0
450,148,history,9,2hxe3g0w,scm1inap,542,"[532, 534, 535, 536, 537, 538, 539, 540, 541]",105.0,0.0
451,148,history,9,2hxe3g0w,xinxddqh,543,"[534, 535, 536, 537, 538, 539, 540, 541, 542]",163.0,0.0
452,148,history,9,2hxe3g0w,ekl81hih,544,"[535, 536, 537, 538, 539, 540, 541, 542, 543]",237.0,0.0
453,148,history,9,2hxe3g0w,po3t0k8j,546,"[536, 537, 538, 539, 540, 541, 542, 543, 544]",252.0,0.0
454,148,history,9,2hxe3g0w,0mo6auns,547,"[537, 538, 539, 540, 541, 542, 543, 544, 546]",300.0,0.0
455,148,history,9,2hxe3g0w,zkmb24g9,549,"[538, 539, 540, 541, 542, 543, 544, 546, 547]",250250.0,0.0
456,148,history,9,2hxe3g0w,0qd7bm8x,550,"[539, 540, 541, 542, 543, 544, 546, 547, 549]",130.0,0.0
457,148,history,9,2hxe3g0w,db1d3ky0,548,"[540, 541, 542, 543, 544, 546, 547, 549, 550]",93.0,0.0
458,148,history,9,2hxe3g0w,axvvh4wg,551,"[541, 542, 543, 544, 546, 547, 549, 550, 548]",168.0,0.0
459,148,history,9,2hxe3g0w,03hu1gjw,552,"[542, 543, 544, 546, 547, 549, 550, 548, 551]",70.0,0.0
460,148,history,9,2hxe3g0w,it9xd7iq,553,"[543, 544, 546, 547, 549, 550, 548, 551, 552]",150.0,1.0
461,148,history,9,2hxe3g0w,27r4xpey,554,"[544, 546, 547, 549, 550, 548, 551, 552, 553]",225.0,0.0
462,148,history,9,2hxe3g0w,mvbhr4ge,557,"[546, 547, 549, 550, 548, 551, 552, 553, 554]",110.0,0.0
463,148,history,9,2hxe3g0w,csna9v61,558,"[547, 549, 550, 548, 551, 552, 553, 554, 557]",170.0,0.0
464,148,history,9,2hxe3g0w,rtkwf5u3,559,"[549, 550, 548, 551, 552, 553, 554, 557, 558]",210.0,0.0
465,148,history,9,2hxe3g0w,vusylbo6,561,"[550, 548, 551, 552, 553, 554, 557, 558, 559]",150.0,1.0
466,148,history,9,2hxe3g0w,2cyzvzg6,562,"[548, 551, 552, 553, 554, 557, 558, 559, 561]",110.0,0.0
467,148,history,9,2hxe3g0w,07ykyt71,563,"[551, 552, 553, 554, 557, 558, 559, 561, 562]",83.0,0.0
468,148,history,9,2hxe3g0w,x8n5b8qe,564,"[552, 553, 554, 557, 558, 559, 561, 562, 563]",250.0,0.0
469,148,history,9,2hxe3g0w,1ettdons,565,"[553, 554, 557, 558, 559, 561, 562, 563, 564]",106.0,0.0
470,148,history,9,2hxe3g0w,onsqzlwz,567,"[554, 557, 558, 559, 561, 562, 563, 564, 565]",250.0,0.0
471,148,history,9,2hxe3g0w,4mkhismj,568,"[557, 558, 559, 561, 562, 563, 564, 565, 567]",180.0,0.0
472,148,history,9,2hxe3g0w,icw799mt,569,"[558, 559, 561, 562, 563, 564, 565, 567, 568]",135.0,1.0
473,148,history,9,2hxe3g0w,gywwi4vc,570,"[559, 561, 562, 563, 564, 565, 567, 568, 569]",150.0,1.0
