,task,mturker,method,views,session,code,id,order,hist,guess,bonus,dots
100,dots,AQ5RV9HW7U6ID,file,9,699h8rze,n8ptep63,1,1,"[1100, 400, 500, 2492, 750, 750, 1000, 370, 499]",350.0,0.0,1097
115,dots,A2ZV96GRXVSXK4,file,9,699h8rze,ptp3i7jo,16,2,"[1235, 720, 1600, 410, 750, 180, 478, 1325, 5000]",1521.0,0.0,1097
107,dots,A2ZF63I3EFL6AA,file,9,699h8rze,9328jngr,8,3,"[693, 245, 186, 637, 57, 2492, 750, 490, 560]",2492.0,0.0,1097
102,dots,A2S96ZZ70YFPSK,file,9,699h8rze,fmu3munj,3,4,"[650, 725, 3500, 200, 251, 738, 800, 800, 450]",1215.0,0.0,1097
114,dots,AC05CZ95ORIMY,file,9,699h8rze,30dhb74t,15,5,"[320, 500, 300, 220, 500, 1100, 214, 625, 5000]",1575.0,0.0,1097
121,dots,A2CK0OXMPOR9LE,file,9,699h8rze,5qu56hcw,22,6,"[5000, 500, 2500, 700, 343, 150, 657, 1350, 499]",750.0,0.0,1097
111,dots,AJ2Q569UUZUN2,file,9,699h8rze,4dg4ecay,12,7,"[1100, 1000, 1100, 500, 2150, 7200, 9000, 5000, 3758]",1500.0,0.0,1097
124,dots,A1YILFU07P6DND,file,9,699h8rze,vz6ujupm,25,8,"[300, 750, 821, 900, 1000, 5000, 575, 168, 1100]",1578.0,0.0,1097
118,dots,AZR34QLGQARBV,file,9,699h8rze,uuyzs8xg,19,9,"[1100, 1030, 1235, 700, 2800, 2185, 7500, 821, 352]",1890.0,0.0,1097
105,dots,A1XKJV8DDX4HT3,file,9,699h8rze,has8atf6,6,10,"[400, 900, 200, 1000, 1000, 500, 65, 584, 689]",900.0,0.0,1097
117,dots,A1835XBNR2UB4X,file,9,699h8rze,rb5fbbr9,18,11,"[750, 1089, 400, 1250, 489, 1169, 2500, 846, 350]",650.0,0.0,1097
131,dots,ASN25PIODXIPJ,file,9,699h8rze,x4imuy2v,32,12,"[100000, 750, 214, 392, 2000, 2600, 280, 320, 4500]",9845.0,0.0,1097
132,dots,A3LL096CAY5WHB,file,9,699h8rze,pytgm85g,33,13,"[1000, 450, 458, 150, 250, 320, 1450, 500, 300]",500.0,0.0,1097
120,dots,A2XP1PW3OF41AQ,file,9,699h8rze,ur6qcpgf,21,14,"[646, 900, 3758, 2800, 250, 750, 200, 523, 2215]",900.0,0.0,1097
134,dots,A328S8XGPX85LT,file,9,699h8rze,fhr4u3jl,35,15,"[1600, 211, 450, 640, 225, 750, 1000, 5000, 312]",1100.0,1.0,1097
135,dots,A3PUU1XU4C1A3V,file,9,699h8rze,6j855tee,36,16,"[650, 7200, 312, 280, 1100, 665, 225, 950, 1600]",350.0,0.0,1097
139,dots,A29TQSAJPLXZU7,file,9,699h8rze,02nvxhon,40,17,"[675, 1250, 500, 1000, 2500, 650, 920, 204, 676]",1600.0,0.0,1097
138,dots,A2KED6T6BO622W,file,9,699h8rze,2nyb10oz,39,18,"[750, 250, 370, 253, 786, 1500, 2185, 500, 1000]",554.0,0.0,1097
141,dots,A1N0D7925N0060,file,9,699h8rze,cto0iuu5,42,19,"[1000, 1000, 2000, 455, 725, 2492, 450, 160, 204]",1400.0,0.0,1097
143,dots,A3AAK6CWYMZTPB,file,9,699h8rze,25uutp8r,44,20,"[1250, 700, 775, 800, 1000000, 632, 369, 160, 730]",789.0,0.0,1097
144,dots,AG5PMV0NS3A44,file,9,699h8rze,0yzky0vw,45,21,"[320, 1000, 693, 180, 675, 1333, 400, 2215, 350]",1450.0,0.0,1097
142,dots,A296HTKGCX7FY9,file,9,699h8rze,a02utzaz,43,22,"[108, 660, 3100, 57, 800, 400, 700, 400, 385]",395.0,0.0,1097
145,dots,AAC5XT7UY7B2K,file,9,699h8rze,7umvk1uw,46,23,"[65, 737, 689, 1000, 700, 1600, 350, 1000, 1000]",700.0,0.0,1097
146,dots,A3PWABNVKQ5H4O,file,9,699h8rze,uyt6se98,47,24,"[355, 1250, 1200, 821, 2500, 325, 410, 350, 700]",657.0,0.0,1097
157,dots,A18V6K2TMWMSWD,file,9,699h8rze,lcf8fxje,58,25,"[1110, 458, 525, 5555, 400, 370, 150, 1100, 352]",400.0,0.0,1097
156,dots,A2L0O95KOESGVI,file,9,699h8rze,m9p1aalk,57,26,"[500, 400, 1250, 500, 890, 1600, 523, 300, 500]",1000.0,1.0,1097
159,dots,A1XXJ3IC1NGIX4,file,9,699h8rze,zv71h91w,60,27,"[475, 578, 374, 1169, 900, 400, 200, 410, 525]",388.0,0.0,1097
160,dots,A23FFG7ZKVBI5Z,file,9,699h8rze,5f8urr59,61,28,"[500, 1500, 666, 2185, 700, 688, 200, 600, 3758]",2185.0,0.0,1097
161,dots,A99XJOE6KYW14,file,9,699h8rze,3sfzij7e,62,29,"[3000, 3543, 980, 800, 1025, 1100, 657, 943, 730]",5000.0,0.0,1097
162,dots,A1GCIKCWCY4FSI,file,9,699h8rze,u58j60p4,63,30,"[737, 1000, 700, 2000, 370, 600, 1600, 108, 1000]",1000.0,1.0,1097
163,dots,A27HVVLSZZ13XK,file,9,699h8rze,63g13yqp,64,31,"[350, 676, 900, 1089, 458, 300, 350, 700, 1200]",853.0,0.0,1097
164,dots,AXF0OX50YZQC6,file,9,699h8rze,q7p4021s,65,32,"[600, 200, 150, 250, 688, 1345, 350, 750, 250]",500.0,0.0,1097
165,dots,A2RSLJ7XMOJE8D,file,9,699h8rze,c9b4dn5n,66,33,"[943, 500, 860, 200, 625, 400, 786, 1322, 525]",722.0,0.0,1097
167,dots,A2WL0SX0RJPGKF,file,9,699h8rze,b8n4degc,68,34,"[1600, 200, 800, 400, 1322, 350, 646, 1100, 450]",1600.0,0.0,1097
168,dots,A3NANJ6W9NG2IV,file,9,699h8rze,r69hboqo,69,35,"[500, 999, 3543, 1250, 455, 700, 150, 600, 584]",777.0,0.0,1097
169,dots,A6FE2ZQNFW12V,file,9,699h8rze,z7srt1xt,70,36,"[1350, 1000, 525, 1000, 366, 876, 2000, 302, 752]",600.0,0.0,1097
170,dots,A2V3808FDUFPEU,file,9,699h8rze,urs1a8it,71,37,"[500, 200, 465, 300, 7200, 20000, 450, 550, 5000]",600.0,0.0,1097
174,dots,A3JQ2LIT3E4TA2,file,9,699h8rze,81s0ihg2,75,38,"[1100, 666, 2600, 700, 650, 300, 1100, 2215, 358]",3000.0,0.0,1097
175,dots,AL7L4BS9AW3TI,file,9,699h8rze,zqzuf4s0,76,39,"[50000, 450, 900, 546, 385, 1000, 300, 725, 950]",460.0,0.0,1097
176,dots,A1BYVSM1G333O4,file,9,699h8rze,qs4wrco7,77,40,"[1000, 5000, 800, 650, 270, 366, 247247, 800, 1000]",650.0,0.0,1097
177,dots,ANPTDUX6LOGYY,file,9,699h8rze,uhxg2af0,78,41,"[1000, 800, 600, 225, 204, 1000, 300, 500, 385]",1200.0,1.0,1097
178,dots,AKT6JZA7ZNNEG,file,9,699h8rze,ouft77s6,79,42,"[500, 643, 450, 360, 676, 700, 600, 600, 500]",1020.0,1.0,1097
180,dots,A1W3DYPRBRL2F4,file,9,699h8rze,lveilh34,81,43,"[5000, 500, 478, 250, 242, 150, 280, 200, 625]",427.0,0.0,1097
182,dots,A21FV0A2ZG43VF,file,9,699h8rze,vc5zyrs8,83,44,"[10000, 1000, 670, 500, 643, 400, 200, 1000, 1095]",1280.0,0.0,1097
181,dots,A39VSKD2JKDN30,file,9,699h8rze,uf63chos,82,45,"[270, 550, 300, 350, 200, 400, 80, 900, 1000]",700.0,0.0,1097
183,dots,APT3M3J3PRK2V,file,9,699h8rze,kny6fpjf,84,46,"[550, 1000000, 355, 880, 1500, 251, 750, 500, 1450]",400.0,0.0,1097
185,dots,A225FVGETXRWF1,file,9,699h8rze,89jx1bd7,86,47,"[550, 752, 343, 846, 1000, 1100, 1000, 950, 1000]",790.0,0.0,1097
186,dots,A2VXM4EO7RLLWZ,file,9,699h8rze,4wvx1o33,87,48,"[600, 500, 700, 657, 425, 798, 550, 1000, 450]",900.0,0.0,1097
188,dots,ANYY4NTDXOI4P,file,9,699h8rze,sspye7ey,89,49,"[392, 200, 900, 450, 150, 9000, 100, 700, 750]",682.0,0.0,1097
189,dots,ATZWK1V6H7MX6,file,9,699h8rze,hl0a4282,90,50,"[374, 450, 312, 1000, 512, 250, 1500, 876, 300]",473.0,0.0,1097
190,dots,A1KH1O9AZ7S642,file,9,699h8rze,kevo532g,91,51,"[1600, 3100, 632, 200, 673, 688, 600, 355, 263]",660.0,0.0,1097
191,dots,A3LSXZR843QSGC,file,9,699h8rze,ys9pqb7m,92,52,"[420, 632, 860, 380, 600, 1169, 225, 1000, 312]",850.0,0.0,1097
192,dots,A30TYC02S7NFFC,file,9,699h8rze,lvfc8ndl,93,53,"[600, 328, 900, 3500, 1322, 750, 1500, 640, 860]",2000.0,0.0,1097
193,dots,ABJPXU4NLCPS5,file,9,699h8rze,6ijjoy99,94,54,"[480, 500, 385, 1350, 1000, 211, 150, 350, 1100]",400.0,0.0,1097
195,dots,A119OPW2XJKU8P,file,9,699h8rze,ngu06fof,96,55,"[450, 120, 650, 500, 200, 700, 693, 643, 980]",980.0,0.0,1097
196,dots,A32NPIMIE2BTVT,file,9,699h8rze,5m4xbeo0,97,56,"[500, 676, 700, 800, 450, 1500, 156, 510, 9993]",800.0,0.0,1097
197,dots,A2VX8B1CJXRN2,file,9,699h8rze,v9jkz95b,98,57,"[186, 560, 5000, 3100, 3000, 500, 2500, 420, 242]",3000.0,0.0,1097
198,dots,A1LUQGT0APV2EI,file,9,699h8rze,2084wh3w,99,58,"[425, 300, 600, 270, 250, 800, 374, 700, 450]",570.0,0.0,1097
199,dots,A3NAHXW2U44043,file,9,699h8rze,3c2fbnl3,100,59,"[3543, 2500, 500, 1000, 510, 2345, 400, 1459, 1450]",1400.0,0.0,1097
200,dots,AAO9KOESSUK90,file,9,699h8rze,enmompen,101,60,"[100, 280, 1482, 1500, 800, 200, 150, 280, 888]",460.0,0.0,1097
201,dots,A3S5EUWIWR7KN9,file,9,699h8rze,mgf3anrw,102,61,"[211, 750, 673, 385, 325, 352, 250, 578, 350]",300.0,0.0,1097
202,dots,A2E1UI26GQGLHA,file,9,699h8rze,4iu9yj0g,103,62,"[600, 1000, 360, 500, 178, 846, 250, 550, 500]",750.0,0.0,1097
204,dots,A3F54NP0FKM8SG,file,9,699h8rze,ubzzwz7r,105,63,"[600, 150, 1200, 500, 2492, 5000, 425, 650, 250]",5980.0,0.0,1097
205,dots,A3U0A3LP7Q38JC,file,9,699h8rze,1vdaosit,106,64,"[367, 1100, 369, 500, 800, 5000, 750, 300, 450]",395.0,0.0,1097
206,dots,A36PSPN5UA51H5,file,9,699h8rze,ouoawu7e,107,65,"[400, 65, 300, 550000, 1500, 500, 300, 499, 980]",823.0,0.0,1097
207,dots,AXPG2T8I1BMW,file,9,699h8rze,skdse3iy,108,66,"[168, 1000, 200, 325, 280, 200, 480, 750, 156]",650.0,0.0,1097
208,dots,A27XRJ6MFJ1BX4,file,9,699h8rze,gf6cgz43,109,67,"[300, 1000, 360, 700, 200, 263, 57, 525, 375]",1300.0,0.0,1097
209,dots,A16YI0KMAXA20J,file,9,699h8rze,bc8nwbt9,110,68,"[10000, 350, 380, 500, 550, 500, 5000, 200, 510]",361.0,0.0,1097
210,dots,A1M2GRFYUYO055,file,9,699h8rze,ye7k8tfs,111,69,"[786, 2345, 489, 150, 1000, 737, 676, 2500, 156]",1800.0,0.0,1097
211,dots,A1A2X0T1XE8K89,file,9,699h8rze,kgt2cc33,112,70,"[15498, 350, 300, 2800, 50000, 500, 789, 625, 1000]",700.0,0.0,1097
213,dots,A1BQQBFXHYUYVU,file,9,699h8rze,yc37p5il,114,72,"[660, 750, 300, 425, 300, 450, 400, 100, 360]",600.0,0.0,1097
215,dots,AAJXFWHJCE1JH,file,9,699h8rze,1maf2lp5,116,73,"[723, 900, 358, 5000, 7200, 3758, 1030, 1100, 1000]",3690.0,0.0,1097
217,dots,ADMU7SZUS3D5A,file,9,699h8rze,26kplbg2,118,74,"[900, 458, 200, 444, 2500, 550, 800, 5000, 510]",1501.0,0.0,1097
218,dots,A2ZWTKDJRPBX0S,file,9,699h8rze,vl2dig3o,119,75,"[860, 370, 168, 800, 1000, 650, 120, 1283, 570]",723.0,0.0,1097
220,dots,A23XR87ATML7A2,file,9,699h8rze,tskaogry,121,76,"[2492, 5009, 1169, 1500, 1100, 1000, 800, 510, 950]",1000.0,1.0,1097
221,dots,A2DCUY6GPWT6U8,file,9,699h8rze,2boi6mr4,122,77,"[650, 500, 375, 270, 689, 2000, 500, 1000, 275]",270.0,0.0,1097
222,dots,A2CLEUWY84MJXZ,file,9,699h8rze,5lz8u3xs,123,78,"[800, 325, 225, 500, 465, 700, 350, 345, 512]",651.0,0.0,1097
223,dots,A2TVG2HLMKVMSL,file,9,699h8rze,s720new5,124,79,"[580, 650, 160, 300, 676, 345, 1020, 10000, 499]",1350.0,0.0,1097
224,dots,AHQYU6U475S04,file,9,699h8rze,6f0f12aj,125,80,"[1600, 643, 846, 302, 860, 930, 500, 478, 360]",900.0,0.0,1097
225,dots,A3V3XKG40FDLRE,file,9,699h8rze,jw0l0098,126,81,"[786, 774, 1000, 300, 1100, 2000, 410, 320, 4500]",250.0,0.0,1097
226,dots,A1PGQ9LV9TQXJ4,file,9,699h8rze,gugjzrol,127,82,"[204, 1500, 675, 625, 392, 1250, 900, 950, 560]",357.0,0.0,1097
227,dots,A2BK6BKYNHETY1,file,9,699h8rze,nsl5rxuo,128,83,"[150, 900, 300, 1100, 737, 20000, 200, 475, 900]",230.0,0.0,1097
228,dots,A2OFN0A5CPLH57,file,9,699h8rze,zfpsz137,129,84,"[9993, 100, 950, 5000, 584, 1000, 500, 211, 800]",950.0,0.0,1097
229,dots,AY31F9HRH93H5,file,9,699h8rze,18fyfy4b,130,85,"[150, 1250, 2600, 186, 550, 367, 270, 214, 9000]",501.0,0.0,1097
231,dots,A2KMK30K2TDDNH,file,9,699h8rze,05h51f4i,132,86,"[350, 25, 2500, 620, 1500, 1025, 920, 302, 350]",980.0,0.0,1097
232,dots,A2R3KI7FWWGBIV,file,9,699h8rze,j0vu4i1i,133,87,"[2000, 5000, 730, 1100, 523, 320, 245, 3000, 250]",857.0,0.0,1097
233,dots,AHARI185KKOE3,file,9,699h8rze,jn0gl4pw,134,88,"[821, 5000, 550, 1030, 3500, 1322, 150, 975, 478]",350.0,0.0,1097
234,dots,A4EIKNOEZSNSN,file,9,699h8rze,3j3jczaj,135,89,"[1322, 510, 5000, 738, 676, 4500, 253, 200, 300]",5000.0,0.0,1097
235,dots,A26I7L7YLJITTL,file,9,699h8rze,6xw61n0c,136,90,"[2600, 355, 2038, 570, 1000, 200, 200, 1000, 300]",744.0,0.0,1097
236,dots,A2AJEJPTC282M6,file,9,699h8rze,skzpqere,137,91,"[1000, 1500, 512, 750, 186, 480, 600, 5000, 250]",1000.0,1.0,1097
237,dots,A1LB9JOMFQ1UMG,file,9,699h8rze,o1n6eknq,138,92,"[320, 400, 950, 738, 1200, 500, 500, 450, 700]",550.0,0.0,1097
238,dots,A36SG790TG0YNO,file,9,699h8rze,1pormfv4,139,93,"[5009, 752, 670, 1350, 625, 800, 1000, 535, 920]",800.0,0.0,1097
239,dots,A3Q3PCMTLK6JF1,file,9,699h8rze,i6qpimdh,140,94,"[550, 350, 620, 352, 930, 1100, 300, 1600, 650]",200.0,0.0,1097
240,dots,A19BILHMJ9CTZV,file,9,699h8rze,vr0dk900,141,95,"[643, 2800, 251, 900, 646, 750, 420, 1000, 1000]",1500.0,0.0,1097
241,dots,A2GAJ1JR0Q0NUP,file,9,699h8rze,fyvdbgga,142,96,"[750, 499, 369, 2500, 737, 458, 789, 600, 500]",468.0,0.0,1097
242,dots,AV5YWOY32RU8S,file,9,699h8rze,nmbg3755,143,97,"[888, 750, 876, 328, 350, 150, 2000, 500, 369]",1050.0,1.0,1097
243,dots,A2UXBEKT7XNUZQ,file,9,699h8rze,26tcuhi0,144,98,"[821, 350, 676, 150, 880, 670, 1350, 450, 1000]",1200.0,1.0,1097
244,dots,A31V6HXG5ZD5W0,file,9,699h8rze,zujhgok8,145,99,"[150, 1345, 500, 400, 620, 900, 1000, 900, 890]",400.0,0.0,1097
246,dots,A1FOPF17E45428,file,9,699h8rze,72kyrs1e,147,100,"[1350, 499, 250, 253, 225, 550, 1000, 1200, 1095]",912.0,0.0,1097
245,dots,A20P9ZDANO7YEK,file,9,699h8rze,rjjwnah9,146,101,"[2800, 650, 117, 200, 450, 880, 774, 2500, 700]",300.0,0.0,1097
247,dots,A9TPDXYYGOW0Z,file,9,699h8rze,1pke13en,148,102,"[108, 1000, 800, 3000, 374, 450, 5000, 156, 821]",1280.0,0.0,1097
248,dots,A2CT0IK0QSFDRS,file,9,699h8rze,w4hsv1lt,149,103,"[1000, 392, 500, 385, 350, 500, 325, 1000, 1000]",200.0,0.0,1097
249,dots,A1D4BGCNYC0VJE,file,9,699h8rze,o44h4mog,150,104,"[750, 480, 475, 1000, 489, 1200, 168, 752, 500]",876.0,0.0,1097
250,dots,A2UMVPFBDCK5GK,file,9,699h8rze,m4zd5lcf,151,105,"[723, 500, 798, 500, 550, 350, 5000, 2800, 490]",350.0,0.0,1097
251,dots,A3IMB1JAMHP1KK,file,9,699h8rze,en5rvie7,152,106,"[500, 720, 280, 350, 1500, 900, 320, 1000, 786]",860.0,0.0,1097
252,dots,A3GSMD38OLEFEC,file,9,699h8rze,9h5ogmfv,153,107,"[675, 1160, 646, 567, 366, 550, 688, 750, 478]",1140.0,1.0,1097
253,dots,A27ARZT8R4B7IE,file,9,699h8rze,ss5p5scv,154,108,"[4000, 1000, 3100, 186, 1095, 999999, 567, 385, 546]",550.0,0.0,1097
254,dots,A1V43JRNRUI4NP,file,9,699h8rze,afz2ffz0,155,109,"[700, 470, 1863, 600, 302, 450, 211, 5000, 250]",396.0,0.0,1097
256,dots,A26M76I32ESP4B,file,9,699h8rze,nh9apths,157,110,"[343, 975, 455, 176, 2000, 400, 1250, 1020, 367]",10000.0,0.0,1097
257,dots,A3QHRLHTTR2337,file,9,699h8rze,ponyyevd,158,111,"[355, 186, 4500, 2038, 150, 410, 444, 366, 786]",725.0,0.0,1097
258,dots,A1ZL0NB1QPNTOS,file,9,699h8rze,5dxh9ybn,159,112,"[900, 2000, 150, 369, 3543, 1000, 625, 750, 900]",746.0,0.0,1097
259,dots,A24GEOADJCH50,file,9,699h8rze,qh0yoush,160,113,"[750, 287, 1350, 1482, 584, 1000, 320, 300, 1250]",400.0,0.0,1097
260,dots,AU5UJIZ3TLI5M,file,9,699h8rze,yyhk0slk,161,114,"[975, 560, 800, 568, 5555, 625, 367, 670, 5000]",750.0,0.0,1097
261,dots,A3TP4A1Z87327Y,file,9,699h8rze,3u1nd84a,162,115,"[800, 200, 450, 550, 500, 350, 700, 620, 375]",750.0,0.0,1097
262,dots,A10QG0HSMUUCRF,file,9,699h8rze,zh79rdtk,163,116,"[4500, 1500, 1250, 320, 650, 1350, 350, 500, 150]",700.0,0.0,1097
264,dots,A1CSBWOZLC2KZA,file,9,699h8rze,mbf14ja0,165,117,"[480, 65, 5000, 950, 214, 2185, 325, 2600, 2100]",1800.0,0.0,1097
268,dots,A1XIIHV1GTI97H,file,9,699h8rze,qprn5n6m,169,118,"[500, 670, 943, 2200, 200, 250, 200, 523, 400]",523.0,0.0,1097
269,dots,A2S5MPD6GPQYU6,file,9,699h8rze,7eqog6c1,170,119,"[400, 525, 150, 1000, 943, 247247, 999999, 1100, 1000]",754.0,0.0,1097
270,dots,AWJ5RYXJCSGV0,file,9,699h8rze,yrvelnkl,171,120,"[410, 1283, 600, 5000, 2100, 465, 1000, 275, 700]",1100.0,0.0,1097
272,dots,A1WF1X8PQQJ2OQ,file,9,699h8rze,nti63qdx,173,121,"[800, 250, 500, 650, 1160, 420, 117, 600, 625]",800.0,0.0,1097
273,dots,A2LTOGMTVG7WWO,file,9,699h8rze,iiftpa48,174,122,"[2000, 1250, 425, 3100, 280, 750, 300, 676, 1160]",475.0,0.0,1097
274,dots,A364577ZH067L4,file,9,699h8rze,kmexu7sj,175,123,"[2000, 1000, 780, 750, 370, 640, 250, 1345, 200]",3200.0,0.0,1097
275,dots,A2MX58PSSC7HFV,file,9,699h8rze,yw8xastj,176,124,"[400, 738, 1500, 750, 350, 20000, 750, 750, 550]",900.0,0.0,1097
277,dots,A1LTV9MGGQCIT3,file,9,699h8rze,kvoby3ur,178,125,"[420, 1200, 211, 350, 676, 2000, 5555, 444, 1020]",1850.0,0.0,1097
278,dots,A1U8IJ0TVTY309,file,9,699h8rze,xofcritk,179,126,"[263, 750, 150, 2000, 350, 643, 2345, 225, 380]",5000.0,0.0,1097
279,dots,A4J4GGMKJ68L0,file,9,699h8rze,037qnb54,180,127,"[1325, 300, 1283, 2000, 860, 1100, 583, 350, 3000]",1000.0,1.0,1097
280,dots,A35F1LYW2ZXWLT,file,9,699h8rze,3rj7hljr,181,128,"[600, 1100, 640, 5000, 943, 1350, 730, 800, 400]",499.0,0.0,1097
282,dots,AJ0PDO28AOBGJ,file,9,699h8rze,8pvlu92e,183,129,"[1500, 450, 689, 3000, 245, 1500, 200, 280, 500]",175.0,0.0,1097
283,dots,AUCS165NB1DJ9,file,9,699h8rze,cebyvax2,184,130,"[500, 789, 950, 300, 374, 999, 900, 600, 637]",950.0,0.0,1097
284,dots,A318RQCUTTJTBN,file,9,699h8rze,ryto1bp9,185,131,"[660, 450, 480, 500, 999, 350, 400, 546, 700]",550.0,0.0,1097
285,dots,A2LI4QJ7TQKWKS,file,9,699h8rze,c9ay188r,186,132,"[500, 525, 580, 800, 214, 600, 350, 950, 798]",400.0,0.0,1097
286,dots,A1LLVMR50LYIIZ,file,9,699h8rze,df1o71bj,187,133,"[425, 500, 1020, 200, 1863, 1250, 876, 1160, 374]",333.0,0.0,1097
287,dots,A2CVJFPVGEIUXR,file,9,699h8rze,dt2gwriz,188,134,"[1283, 500, 300, 578, 480, 900, 350, 270, 366]",900.0,0.0,1097
288,dots,A2EBRK7UY4CGZB,file,9,699h8rze,5t8nmrvb,189,135,"[1000, 500, 312, 330, 750, 500, 450, 5555, 300]",500.0,0.0,1097
289,dots,AIBPSCSM7SEQ8,file,9,699h8rze,3hpdmxj2,190,136,"[657, 400, 1000, 750, 2000, 9993, 1345, 1600, 80]",727.0,0.0,1097
291,dots,A39OBMGPC1917V,file,9,699h8rze,mrm94dft,192,137,"[499, 180, 178, 750, 5000, 1250, 280, 2038, 2800]",650.0,0.0,1097
292,dots,A3332HTQYBESHD,file,9,699h8rze,ybr2hswo,193,138,"[800, 752, 2000, 352, 680, 725, 975, 450, 350]",575.0,0.0,1097
293,dots,A2LLT6ZD683JKU,file,9,699h8rze,d42ga4xe,194,139,"[400, 750, 800, 688, 1600, 1500, 1000, 1345, 943]",1100.0,0.0,1097
294,dots,A1XJLNBSN8YEGT,file,9,699h8rze,ehg2m28s,195,140,"[350650, 1345, 253, 999, 800, 975, 1000, 140, 646]",1000.0,1.0,1097
297,dots,A30W987G9S6F0G,file,9,699h8rze,usfuvqdf,198,141,"[2185, 350650, 300, 900, 300, 5555, 1100, 374, 750]",450.0,0.0,1097
300,dots,A2X7I0UX6R9QLA,file,9,699h8rze,yu5maun7,201,143,"[750, 263, 150, 1250, 345, 374, 360, 1600, 328]",1420.0,0.0,1097
301,dots,A3CULZ13ZQXBLJ,file,9,699h8rze,m93p1cz7,202,144,"[2500, 200, 789, 450, 2492, 1100, 350, 444, 1450]",3250.0,0.0,1097
302,dots,A16VDSEVBEIT7Q,file,9,699h8rze,j6eirus5,203,145,"[693, 275, 673, 700, 380, 1400, 2800, 302, 50000]",1000.0,1.0,1097
303,dots,AQ87JS0C2VVAK,file,9,699h8rze,ag7688yd,204,146,"[200, 250, 2000, 1350, 943, 380, 550, 1025, 2800]",750.0,0.0,1097
304,dots,A3D30RANAMH66R,file,9,699h8rze,1uvz3dbb,205,147,"[400, 489, 80, 410, 3000, 400, 500, 200, 5000]",4000.0,0.0,1097
305,dots,AFY2VKHYQNAKB,file,9,699h8rze,iz5g93ff,206,148,"[425, 352, 200, 800, 620, 900, 270, 10000, 625]",350.0,0.0,1097
308,dots,A3O81LHBBI8NPK,file,9,699h8rze,tcf4so7l,209,149,"[2100, 1020, 300, 550000, 2038, 300, 1100, 355, 15498]",860.0,0.0,1097
310,dots,A174BCWX0VMM1B,file,9,699h8rze,w3h16lik,211,150,"[5000, 600, 1200, 4500, 5000, 1863, 1350, 723, 725]",4500.0,0.0,1097
315,dots,A31NREVPH2XDCO,file,9,699h8rze,py3bcvj0,216,151,"[800, 499, 450, 500, 570, 860, 480, 420, 900]",310.0,0.0,1097
316,dots,A23OLPUAPTALPG,file,9,699h8rze,86lcdted,217,152,"[800, 300, 3100, 215, 168, 400, 100000, 499, 632]",900.0,0.0,1097
318,dots,A1BYRO5XDTXEFE,file,9,699h8rze,knn5x7v2,219,153,"[786, 15498, 156, 270, 730, 1000, 450, 380, 270]",325.0,0.0,1097
319,dots,A2UIX87T2RT1AL,file,9,699h8rze,cvze4pup,220,154,"[1020, 220, 2215, 500, 750, 625, 200, 500, 800]",1250.0,0.0,1097
320,dots,A32BHMDA2GFFOC,file,9,699h8rze,55hngu0z,221,155,"[358, 890, 325, 657, 1000, 350650, 700, 5000, 250]",4000.0,0.0,1097
321,dots,A2MY9JQECKQFUW,file,9,699h8rze,79e71zwy,222,156,"[1250, 1100, 253, 800, 500, 200, 930, 150, 786]",400.0,0.0,1097
322,dots,A2C16QK859T0GR,file,9,699h8rze,vwuczkys,223,157,"[302, 1100, 400, 1345, 300, 3000, 738, 1020, 750]",1440.0,0.0,1097
323,dots,A3L7OZ5EUV4UBE,file,9,699h8rze,vubc87oc,224,158,"[1482, 1000, 546, 400, 150, 358, 999, 57, 774]",1200.0,1.0,1097
326,dots,A3GAW2HE0H88D0,file,9,699h8rze,xftpzxms,227,159,"[676, 312, 786, 510, 2500, 211, 200, 975, 280]",698.0,0.0,1097
328,dots,AXPL0TKQGIJCD,file,9,699h8rze,jjde2vtj,229,160,"[500, 140, 250, 774, 1000000, 1000, 2800, 550000, 1482]",225.0,0.0,1097
329,dots,A1V6CNMLV3QQIX,file,9,699h8rze,hpbke29o,230,161,"[670, 3543, 1600, 578, 425, 637, 450, 900, 660]",840.0,0.0,1097
330,dots,A269MCW9TB4WTQ,file,9,699h8rze,l56s01hr,231,162,"[350, 5000, 300, 700, 750, 500, 1100, 1000, 1000]",5000.0,0.0,1097
331,dots,A20T71AVH3NAS5,file,9,699h8rze,ge6xigki,232,163,"[250, 750, 888, 350, 950, 950, 600, 676, 950]",457.0,0.0,1097
332,dots,A26T5EY9S4PWC0,file,9,699h8rze,tuxanwb3,233,164,"[1200, 455, 5000, 600, 80, 2000, 1089, 1350, 150]",700.0,0.0,1097
333,dots,A1EKZLS151S8EP,file,9,699h8rze,5uz6i4hi,234,165,"[478, 600, 1500, 250, 251, 2000, 108, 300, 1000]",365.0,0.0,1097
334,dots,A3PFCSK5U4TXPM,file,9,699h8rze,jplfu1gm,235,166,"[5009, 325, 450, 1000, 1000, 325, 5000, 2600, 9000]",8000.0,0.0,1097
335,dots,A3KXJBKUEMNZV7,file,9,699h8rze,reykn9vt,236,167,"[108, 475, 666, 750, 673, 700, 600, 860, 350]",475.0,0.0,1097
337,dots,A2BJ4ZNN00GAZV,file,9,699h8rze,toxb7vgh,238,168,"[470, 725, 400, 312, 900, 350, 1500, 253, 385]",400.0,0.0,1097
338,dots,A20I0A2QIRZTTF,file,9,699h8rze,lj7d33rq,239,169,"[1089, 550, 5000, 980, 300, 302, 200, 567, 80]",785.0,0.0,1097
340,dots,A1S21CXJ6Y2Y1W,file,9,699h8rze,nou527xo,241,170,"[108, 1250, 625, 750, 1100, 300, 425, 3000, 400]",300.0,0.0,1097
342,dots,A34VLM2UC0JY11,file,9,699h8rze,65mcwziw,243,171,"[500, 385, 400, 150, 725, 360, 512, 1350, 1000]",400.0,0.0,1097
341,dots,AOMMTS7Z0B1QY,file,9,699h8rze,bc566ljg,242,172,"[200, 700, 450, 1600, 570, 560, 660, 9993, 2100]",1000.0,1.0,1097
343,dots,A28H7UPE1GT80C,file,9,699h8rze,hdpefwj0,244,173,"[786, 999, 750, 370, 478, 350650, 500, 890, 1000]",500.0,0.0,1097
344,dots,A32OQMVL7Y17M6,file,9,699h8rze,dczh5myi,245,174,"[700, 750, 2215, 200, 550000, 525, 250, 350, 550]",6500.0,0.0,1097
345,dots,A24890G28GFJF7,file,9,699h8rze,9x7irosk,246,175,"[500, 242, 355, 1000, 750, 350, 786, 750, 500]",420.0,0.0,1097
346,dots,A3A2AZLG73ZE1U,file,9,699h8rze,5kwiu198,247,176,"[400, 1235, 546, 1100, 1863, 550000, 200, 2000, 900]",3000.0,0.0,1097
347,dots,A16JMJHOUC2MGE,file,9,699h8rze,o30b0hbv,248,177,"[5000, 275, 657, 242, 700, 5000, 523, 215, 500]",977.0,0.0,1097
348,dots,A3G34J14C074C5,file,9,699h8rze,doguyjjt,249,178,"[700, 560, 750, 1000, 900, 5000, 2800, 500, 444]",1200.0,1.0,1097
349,dots,A1X388C6SDCDEY,file,9,699h8rze,wuiazq9k,250,179,"[100000, 5000, 730, 650, 300, 358, 500, 890, 550]",5269.0,0.0,1097
350,dots,A2KTQ9M7CW05XF,file,9,699h8rze,optitgt3,251,180,"[1350, 4000, 10001, 980, 550, 640, 178, 1000, 720]",1100.0,1.0,1097
351,dots,AXID4L0RLQEBG,file,9,699h8rze,25emv5kr,252,181,"[2800, 345, 410, 108, 750, 666, 578, 1000, 800]",800.0,0.0,1097
352,dots,A29CG3KIKPKPBB,file,9,699h8rze,43byjsxh,253,182,"[550, 1000, 204, 480, 410, 774, 500, 499, 800]",648.0,0.0,1097
353,dots,A3O0UK61XUZHJQ,file,9,699h8rze,rrlozuvr,254,183,"[750, 2600, 4000, 3500, 1169, 375, 1100, 475, 499]",1250.0,0.0,1097
354,dots,A3HBO2VAJ1WGZW,file,9,699h8rze,5qhk2kxb,255,184,"[200, 350, 80, 888, 455, 500, 50000, 300, 410]",684.0,0.0,1097
355,dots,A1F2MZ70GQ4IR6,file,9,699h8rze,1zwmskxs,256,185,"[550, 253, 620, 1160, 65, 1000, 350, 270, 2000]",821.0,0.0,1097
357,dots,ABI1EI8UQK6LK,file,9,699h8rze,v23tvip7,258,186,"[550000, 888, 670, 5000, 880, 420, 500, 385, 150]",4888.0,0.0,1097
358,dots,AOBTFLJU2BEPR,file,9,699h8rze,d32wlc0m,259,187,"[350, 350, 2250, 800, 214, 108, 550, 3000, 250]",289.0,0.0,1097
359,dots,AXI9UFVJGZFVS,file,9,699h8rze,0zw4cnlm,260,188,"[1000, 500, 800, 1000, 890, 1000, 750, 900, 500]",1008.0,0.0,1097
360,dots,A2AXM0P5F44DH2,file,9,699h8rze,mnfnaxl1,261,189,"[2600, 750, 200, 9993, 675, 1350, 450, 4000, 400]",2000.0,0.0,1097
362,dots,A1TV433QUOBLQ6,file,9,699h8rze,4zo3an0p,263,190,"[330, 600, 245, 1500, 580, 676, 650, 465, 150]",1673.0,0.0,1097
363,dots,A17DJF59DM1YRC,file,9,699h8rze,h7x4oun0,264,191,"[750, 2600, 499, 600, 1500, 620, 470, 700, 180]",1000.0,1.0,1097
364,dots,A2RORC9IUWWOFS,file,9,699h8rze,7lwktx1g,265,192,"[500, 150, 490, 775, 270, 1160, 1000, 750, 650]",800.0,0.0,1097
366,dots,A17TRE8DNQEXL1,file,9,699h8rze,19xtqwt1,267,193,"[750, 535, 352, 500, 300, 600, 500, 400, 65]",578.0,0.0,1097
367,dots,AYW62R027PUT1,file,9,699h8rze,1sn2fhjt,268,194,"[730, 2000, 360, 450, 1600, 350650, 567, 400, 280]",567.0,0.0,1097
368,dots,A1VIDXC2Z3KSCJ,file,9,699h8rze,ten5lcb6,269,195,"[366, 3758, 568, 117, 2500, 750, 214, 180, 800]",1023.0,1.0,1097
369,dots,A1EFW89L07RR56,file,9,699h8rze,2eqr38gg,270,196,"[250, 500, 700, 2038, 300, 2000, 325, 250, 738]",250.0,0.0,1097
370,dots,A1JCGSMEZZV4A7,file,9,699h8rze,pmmg77nq,271,197,"[385, 600, 325, 499, 1000000, 1333, 250, 150, 1600]",1200.0,1.0,1097
371,dots,A11F2MFEV46T2W,file,9,699h8rze,x8vy5xkp,272,198,"[3758, 1200, 489, 150, 1863, 2600, 15498, 385, 700]",1863.0,0.0,1097
374,dots,AZE7YSINS9UNZ,file,9,699h8rze,3ffqr7bk,275,200,"[1000, 480, 444, 999, 200, 2500, 700, 328, 560]",1100.0,1.0,1097
376,dots,AD62CGC0SX7H7,file,9,699h8rze,5styc3vp,277,201,"[200, 646, 1350, 500, 367, 1466, 478, 780, 800]",700.0,0.0,1097
375,dots,A3Q99MAP1MXG5K,file,9,699h8rze,zy6q55d0,276,202,"[950, 9993, 1250, 350, 1100, 750, 350, 478, 500]",987.0,0.0,1097
377,dots,A37DFS9MEPHXZD,file,9,699h8rze,t98plpy3,278,203,"[350, 1000000, 800, 625, 600, 750, 15498, 500, 2000]",650.0,0.0,1097
378,dots,AHYXP6QIMYJLD,file,9,699h8rze,r8d72kzq,279,204,"[1250, 251, 1020, 3500, 215, 999999, 800, 821, 392]",2247.0,0.0,1097
379,dots,A2FOBNKQB980Q4,file,9,699h8rze,iekpjr8m,280,205,"[1350, 420, 675, 3758, 774, 150, 600, 455, 500]",1800.0,0.0,1097
380,dots,A39VPS6S6KW20U,file,9,699h8rze,c6cum99z,281,206,"[500, 225, 665, 5000, 1000, 140, 930, 3500, 666]",675.0,0.0,1097
382,dots,A20CDYB15E0AFQ,file,9,699h8rze,ynze1gtk,283,207,"[80, 1030, 2500, 287, 900, 500, 1000, 2492, 2500]",1850.0,0.0,1097
383,dots,A3K7LG4MD6R5IG,file,9,699h8rze,pfnttmmv,284,208,"[560, 689, 9000, 242, 1322, 600, 500, 250, 360]",1450.0,0.0,1097
384,dots,A3LXL52Y1APPWC,file,9,699h8rze,jv1o1rpz,285,209,"[500, 700, 550, 178, 1600, 300, 375, 5000, 352]",475.0,0.0,1097
385,dots,A3P8OM5PDCFZNE,file,9,699h8rze,gt2z2fu3,286,210,"[108, 168, 550, 950, 458, 786, 1000, 270, 800]",986.0,0.0,1097
386,dots,AR9TBT05QMOLN,file,9,699h8rze,aa0xaq8l,287,211,"[2200, 200, 950, 204, 425, 400, 560, 475, 367]",800.0,0.0,1097
388,dots,AHJM3AU3LURWB,file,9,699h8rze,1omxsv8b,289,212,"[287, 350650, 1325, 2000, 670, 176, 920, 345, 600]",1350.0,0.0,1097
389,dots,ANI9PXHSSHHAV,file,9,699h8rze,gmy6hgdu,290,213,"[500, 350, 2600, 410, 1863, 2500, 458, 5000, 1466]",2200.0,0.0,1097
390,dots,A1U1NZRD4E1MYP,file,9,699h8rze,xawsiwvl,291,214,"[450, 700, 800, 320, 1000, 100000, 1100, 738, 3100]",3000.0,0.0,1097
392,dots,A3AY0315YWWNXY,file,9,699h8rze,p819lpi6,293,215,"[500, 455, 950, 1000000, 1030, 750, 600, 780, 550]",350.0,0.0,1097
393,dots,ACX6PW2PNRT2C,file,9,699h8rze,79ewfn58,294,216,"[325, 2185, 2500, 478, 5000, 700, 2000, 2000, 1000]",756.0,0.0,1097
394,dots,A8DAKXMZX65RV,file,9,699h8rze,tlt0xyqh,295,217,"[180, 360, 470, 750, 723, 350, 2200, 676, 523]",400.0,0.0,1097
395,dots,A2QE0ETYH6V4WG,file,9,699h8rze,jb8xhoy7,296,218,"[600, 900, 500, 287, 3758, 1000, 200, 250, 367]",2500.0,0.0,1097
396,dots,A103JIDM05W05P,file,9,699h8rze,cow5isx3,297,219,"[500, 360, 890, 920, 367, 643, 1500, 750, 789]",1800.0,0.0,1097
397,dots,A2148LZC82UBIX,file,9,699h8rze,nhjgtvla,298,220,"[5009, 385, 200, 345, 352, 1459, 5000, 250, 150]",1254.0,0.0,1097
398,dots,A3F9IQB0297J9D,file,9,699h8rze,zlffnaax,299,221,"[253, 1350, 700, 725, 657, 9993, 1235, 500, 150]",1500.0,0.0,1097
399,dots,A1ME6FJBVV0KZ1,file,9,699h8rze,iuc7lxnv,300,222,"[1000, 750, 100, 380, 15498, 150, 750, 150, 725]",750.0,0.0,1097
400,dots,A1QSUIQRZFQ85E,file,9,699h8rze,nx7q3lfr,301,223,"[251, 1000, 367, 798, 750, 2150, 1200, 366, 350]",650.0,0.0,1097
401,dots,A2V8QBXRQ2VRPS,file,9,699h8rze,6yiehwyt,302,224,"[646, 2250, 900, 7500, 750, 525, 700, 150, 300]",2000.0,0.0,1097
402,dots,AHPOOKYE7V04D,file,9,699h8rze,mywsvxvq,303,225,"[350, 5000, 200, 150, 5000, 450, 200, 500, 156]",400.0,0.0,1097
403,dots,A1WFX002RMZY7N,file,9,699h8rze,sa2ho0co,304,226,"[1325, 2345, 1089, 1345, 550, 1450, 400, 650, 800]",1245.0,0.0,1097
406,dots,AE5PTXVFGRXAJ,file,9,699h8rze,4dvj0aj7,307,227,"[550, 1350, 425, 25, 2100, 500, 1000, 343, 2038]",2500.0,0.0,1097
407,dots,A1XYS1DJFTODCI,file,9,699h8rze,q9yokjql,308,228,"[200, 600, 700, 500, 350, 350, 200, 425, 578]",450.0,0.0,1097
408,dots,A7MBVKNW8RTFI,file,9,699h8rze,e7faula9,309,230,"[1100, 220, 2800, 675, 750, 1322, 999, 1000, 523]",546.0,0.0,1097
410,dots,AZCSOHE2MHPUZ,file,9,699h8rze,h028c7is,311,231,"[1100, 1350, 943, 3100, 750, 950, 350, 500, 4500]",300.0,0.0,1097
411,dots,AEE2QP7BPVOT9,file,9,699h8rze,udhcaocr,312,232,"[750, 280, 300, 673, 2500, 846, 360, 800, 700]",450.0,0.0,1097
412,dots,A2XS5QI4YX493N,file,9,699h8rze,5ezaiegi,313,233,"[250, 250, 890, 392, 263, 1345, 700, 5009, 535]",581.0,0.0,1097
413,dots,A1ZYC0DLTRR6IU,file,9,699h8rze,ozks6pgs,314,234,"[500, 140, 880, 750, 500, 1482, 5000, 693, 1000]",1000.0,1.0,1097
414,dots,A2APW8Q9HKQIBO,file,9,699h8rze,wvqj9xzi,315,235,"[637, 480, 400, 1482, 890, 140, 211, 150, 2000]",637.0,0.0,1097
415,dots,AC453DGT4TBVR,file,9,699h8rze,8t3jwlxd,316,236,"[275, 1025, 250, 300, 180, 245, 489, 646, 1000]",650.0,0.0,1097
416,dots,A2ITWZEPLR27SK,file,9,699h8rze,7p3ve7mu,317,237,"[1000, 1322, 5000, 632, 550000, 640, 2200, 204, 176]",629.0,0.0,1097
417,dots,A42UZIPIKDFI5,file,9,699h8rze,0ulxduwi,318,238,"[1100, 750, 535, 500, 1283, 100000, 950, 900, 80]",1050.0,1.0,1097
418,dots,A3T3XXV4VDXPAG,file,9,699h8rze,uht4n2t6,319,239,"[300, 2000, 1325, 600, 350, 320, 425, 930, 1160]",457.0,0.0,1097
419,dots,A1HQF34XEH7R3Q,file,9,699h8rze,4k49y17h,320,240,"[275, 1500, 247247, 625, 1322, 665, 150, 352, 1000]",352.0,0.0,1097
420,dots,AERGC0KYJFBF0,file,9,699h8rze,6kyu9sof,321,241,"[1169, 1600, 350, 65, 478, 5000, 200, 200, 225]",578.0,0.0,1097
421,dots,AC449WI7OQLZQ,file,9,699h8rze,xtvq34s2,322,242,"[2150, 475, 370, 1600, 251, 20000, 343, 5555, 5000]",2000.0,0.0,1097
424,dots,A2L6JHIJDE1F2X,file,9,699h8rze,ho1s08d8,325,243,"[750, 100000, 800, 900, 500, 2500, 950, 1000, 900]",750.0,0.0,1097
425,dots,AU2QQ6YYZ6EG7,file,9,699h8rze,6hawceqh,326,244,"[550, 200, 168, 1000, 360, 1235, 500, 700, 150]",200.0,0.0,1097
427,dots,A1LMUJ3KOLRIZV,file,9,699h8rze,a4wiaiow,328,245,"[700, 1250, 300, 1500, 600, 666, 975, 1000, 673]",975.0,0.0,1097
429,dots,A2FBJV1VAI9SQ6,file,9,699h8rze,6t8ayzzt,330,246,"[350, 632, 250, 5009, 693, 251, 5000, 888, 150]",546.0,0.0,1097
428,dots,A2TZO49YFJG6EH,file,9,699h8rze,gklda2ku,329,247,"[676, 302, 750, 2000, 300, 730, 100000, 750, 1030]",10453.0,0.0,1097
431,dots,A24JLI0VZP59WK,file,9,699h8rze,rgi89k5p,332,248,"[500, 366, 500, 1350, 300, 930, 450, 1200, 657]",786.0,0.0,1097
433,dots,AFUJ9YFFB2UJ2,file,9,699h8rze,dybz54e1,334,249,"[420, 253, 168, 150, 4500, 1500, 950, 575, 646]",500.0,0.0,1097
434,dots,A3QN9CCPPTUPN6,file,9,699h8rze,nu4ku9zm,335,250,"[325, 500, 750, 646, 1000, 200, 100, 700, 584]",639.0,0.0,1097
435,dots,A1N5JM0X5SONDD,file,9,699h8rze,8vhvj9iy,336,251,"[550, 567, 750, 720, 500, 800, 500, 1100, 600]",740.0,0.0,1097
436,dots,A2RRHPSJWH5GD1,file,9,699h8rze,ld76ucpu,337,252,"[1325, 1000, 300, 400, 15498, 100, 1400, 1000, 450]",1015.0,1.0,1097
438,dots,A1VCW6FJ96V7BK,file,9,699h8rze,9puhfewp,339,253,"[450, 10000, 738, 2800, 700, 300, 168, 900, 140]",1032.0,1.0,1097
440,dots,A215U3DIT24TIL,file,9,699h8rze,7fylcd4f,341,254,"[665, 263, 200, 750, 470, 350, 2800, 525, 584]",2800.0,0.0,1097
439,dots,A14VF36VKEZS2W,file,9,699h8rze,iggh0rws,340,255,"[846, 250, 900, 600, 535, 1000, 1000, 670, 550000]",566.0,0.0,1097
442,dots,A3VZ8HO9L135ZQ,file,9,699h8rze,po3m16zi,343,256,"[3000, 500, 1325, 860, 2800, 2000, 900, 750, 730]",1000.0,1.0,1097
444,dots,A3BNEHTXMZB3VN,file,9,699h8rze,zpdghk86,345,257,"[250, 455, 1110, 525, 500, 325, 567, 560, 5000]",1200.0,1.0,1097
445,dots,A1D35QE18L3J5Z,file,9,699h8rze,gp1mt8i1,346,258,"[9000, 350, 150, 250, 800, 3000, 500, 550, 263]",500.0,0.0,1097
447,dots,A2VK51X6O3GJYM,file,9,699h8rze,4id81dts,348,259,"[780, 880, 367, 410, 657, 580, 350, 300, 1500]",410.0,0.0,1097
449,dots,AJN3TSX8OTRO2,file,9,699h8rze,mjgzd7j2,350,260,"[1345, 1100, 860, 575, 500, 600, 345, 2000, 2250]",1800.0,0.0,1097
450,dots,A2FV2U7RGBVK2T,file,9,699h8rze,wjx5i46y,351,261,"[489, 750, 200, 1200, 5000, 1000, 380, 450, 1000]",845.0,0.0,1097
452,dots,A174VKTMI6268M,file,9,699h8rze,s6aoyxsv,353,262,"[366, 200, 499, 860, 300, 150, 1325, 525, 500]",321.0,0.0,1097
453,dots,AX1QM9HA8MRBK,file,9,699h8rze,miqlxjj9,354,263,"[180, 786, 750, 523, 650, 475, 4500, 546, 1325]",1500.0,0.0,1097
455,dots,A19Y11FU3GCCNS,file,9,699h8rze,44bn673w,356,264,"[1345, 225, 57, 570, 1000, 775, 583, 500, 1000]",460.0,0.0,1097
456,dots,AOQ4R7AY27KOA,file,9,699h8rze,1q8h5wki,357,265,"[176, 358, 150, 650, 900, 352, 478, 1100, 500]",250.0,0.0,1097
457,dots,A2VZRLYSVHG6NG,file,9,699h8rze,q3uhqgkz,358,266,"[400, 1200, 4000, 200, 1250, 500, 786, 700, 798]",645.0,0.0,1097
459,dots,A33K766RVBXV2H,file,9,699h8rze,be0dj4pw,360,267,"[689, 500, 1000, 200, 10000, 640, 178, 632, 1000]",689.0,0.0,1097
460,dots,A1D4RC6K6Y5KAV,file,9,699h8rze,bfptpuor,361,268,"[100, 800, 400, 920, 499, 320, 1600, 2500, 725]",300.0,0.0,1097
461,dots,A83OOIGU4606R,file,9,699h8rze,xw4la1k8,362,269,"[4500, 455, 1863, 20000, 9993, 1110, 1000, 200, 860]",1305.0,0.0,1097
463,dots,A22Z03NU5RN6AZ,file,9,699h8rze,wnyi0uri,364,270,"[2250, 500, 475, 470, 600, 5555, 1020, 750, 263]",3657.0,0.0,1097
465,dots,A2RCYLKY072XXO,file,9,699h8rze,dun98pdl,366,272,"[950, 80, 1000000, 2000, 680, 2200, 1030, 750, 2800]",7523.0,0.0,1097
466,dots,A26376A6PIQ58H,file,9,699h8rze,shrrmhsf,367,273,"[2000, 1500, 1200, 450, 5009, 500, 750, 5000, 625]",580.0,0.0,1097
467,dots,A2OG8FKV9SRILE,file,9,699h8rze,rpbmnb7e,368,274,"[1000, 3500, 65, 478, 1030, 500, 688, 480, 900]",1200.0,0.0,1097
468,dots,AQFCZ5UB2AWD,file,9,699h8rze,075elolq,369,275,"[700, 80, 1000, 211, 774, 1500, 2800, 350, 725]",2782.0,0.0,1097
469,dots,A1AYFPD1RFW8P5,file,9,699h8rze,qgxk69sv,370,276,"[1200, 512, 774, 400, 200, 2000, 350, 725, 676]",894.0,0.0,1097
470,dots,A3J9HS8I5DUO9V,file,9,699h8rze,19rfgyaj,371,277,"[1000, 251, 567, 3100, 2000, 950, 2492, 500, 2000]",1100.0,1.0,1097
472,dots,A3DMSP55I880KW,file,9,699h8rze,24nrrfba,373,278,"[750, 775, 247247, 646, 300, 900, 5000, 444, 410]",600.0,0.0,1097
475,dots,ADGH08WUP68ZF,file,9,699h8rze,sa2xig12,376,279,"[2250, 358, 20000, 250, 475, 1100, 640, 876, 211]",620.0,0.0,1097
476,dots,A13244EZN88GLH,file,9,699h8rze,zonecnqr,377,280,"[499, 400, 455, 1600, 5009, 5000, 160, 247247, 280]",490.0,0.0,1097
477,dots,A3TZXCHPP8W2UX,file,9,699h8rze,j8b8tb7y,378,281,"[2800, 225, 1000, 900, 670, 325, 369, 846, 3000]",450.0,0.0,1097
478,dots,AHJYLSDFBLEWM,file,9,699h8rze,wmx2jy3n,379,282,"[676, 57, 280, 150, 450, 1235, 490, 560, 200]",600.0,0.0,1097
480,dots,A2CVC5FO8BKDEI,file,9,699h8rze,pxp6945r,381,283,"[1000, 150, 2500, 245, 325, 950, 1000, 1500, 752]",350.0,0.0,1097
483,dots,A113PABI98VW6G,file,9,699h8rze,dz4ujt2c,384,284,"[750, 450, 300, 780, 200, 950, 450, 2800, 5009]",450.0,0.0,1097
485,dots,A3ODIA6J46RRRD,file,9,699h8rze,wylanmxl,386,285,"[512, 150, 369, 120, 350, 700, 950, 650, 725]",324.0,0.0,1097
486,dots,A1C5E8T66NA0R0,file,9,699h8rze,6fv9kq71,387,286,"[535, 550, 2215, 1000, 900, 345, 1025, 700, 888]",647.0,0.0,1097
487,dots,A2UO2D6FDXLKD8,file,9,699h8rze,vgmex73x,388,287,"[500, 750, 500, 730, 425, 385, 156, 204, 343]",350.0,0.0,1097
489,dots,A3AF6S86IQ3IVU,file,9,699h8rze,u2mpdb5t,390,288,"[500, 900, 510, 750, 975, 1000, 300, 1500, 750]",8765.0,0.0,1097
490,dots,A2OPV173ISAT0D,file,9,699h8rze,ivc5mlon,391,289,"[450, 750, 500, 1500, 1100, 4500, 1250, 385, 302]",1650.0,0.0,1097
491,dots,AJ8ORVSVTALUD,file,9,699h8rze,7jx0b3ni,392,290,"[789, 720, 575, 625, 800, 500, 625, 450, 2250]",800.0,0.0,1097
492,dots,A2H32F6EMBZHM6,file,9,699h8rze,lp5zulqv,393,291,"[350, 211, 300, 550, 350, 1235, 975, 300, 1350]",975.0,0.0,1097
494,dots,AWCZ33P7WF7GX,file,9,699h8rze,meebvxmb,395,292,"[350, 1095, 325, 1459, 200, 1200, 3543, 1000, 720]",246.0,0.0,1097
495,dots,AEJI1P3PMRNXA,file,9,699h8rze,gsu4qqzc,396,293,"[1000, 786, 300, 1600, 693, 400, 1500, 643, 900]",425.0,0.0,1097
496,dots,A2D8ODVH03LY7C,file,9,699h8rze,a1k0eno3,397,294,"[752, 1450, 100000, 200, 688, 1500, 720, 1000, 355]",5000.0,0.0,1097
498,dots,AOVG0S0BE5AOW,file,9,699h8rze,6elp18pd,399,295,"[350, 270, 1000, 168, 455, 400, 1400, 450, 500]",625.0,0.0,1097
499,dots,A2X772M4LM5KZW,file,9,699h8rze,yjq5gfof,400,296,"[550, 253, 117, 1333, 392, 1500, 550, 1600, 1466]",2000.0,0.0,1097
501,dots,AQZALI2IM3XJ7,file,9,699h8rze,60y34oqq,402,297,"[168, 1200, 657, 637, 676, 560, 1250, 975, 250]",876.0,0.0,1097
502,dots,ASDJTBZCQ9ZB0,file,9,699h8rze,eo6mncgk,403,298,"[450, 999999, 550, 1100, 580, 700, 400, 500, 500]",9999.0,0.0,1097
503,dots,AU7RK2T2CMUBV,file,9,699h8rze,2gqqb976,404,299,"[2000, 500, 774, 300, 999999, 600, 568, 369, 245]",565.0,0.0,1097
504,dots,A3D02QDO5Y2SJB,file,9,699h8rze,q7cewsl9,405,300,"[168, 550, 750, 800, 660, 2500, 950, 550, 1482]",660.0,0.0,1097
506,dots,A24JC2CF7MMG41,file,9,699h8rze,rss67ktq,407,301,"[100000, 350, 980, 2000, 1100, 625, 700, 300, 1000]",925.0,0.0,1097
507,dots,A2BW4DOVKEFFAO,file,9,699h8rze,tel87kd6,408,302,"[270, 693, 821, 1000, 374, 3000, 1089, 600, 1000]",1172.0,1.0,1097
508,dots,AH9Y3W3PJGG32,file,9,699h8rze,evy4msl8,409,303,"[1500, 600, 876, 575, 2200, 700, 300, 546, 980]",700.0,0.0,1097
509,dots,A1QZ8KLNLFTTC4,file,9,699h8rze,thhh3e01,410,304,"[660, 1333, 2100, 625, 1482, 50000, 750, 300, 800]",987.0,0.0,1097
510,dots,A36W6GSNGVP8CO,file,9,699h8rze,a4xj4i0h,411,305,"[1200, 470, 800, 300, 2185, 650, 500, 1283, 2345]",950.0,0.0,1097
511,dots,A3K3LY15DN6Y67,file,9,699h8rze,tjbqyo6j,412,306,"[1000, 737, 500, 750, 280, 5000, 2345, 500, 1482]",1200.0,1.0,1097
512,dots,A2GMRBAXH17TQD,file,9,699h8rze,j7yftmv2,413,307,"[250, 168, 214, 980, 1600, 200, 15498, 350, 1100]",980.0,0.0,1097
513,dots,A31GOQT8JWELM3,file,9,699h8rze,tirhgm34,414,308,"[500, 880, 500, 300, 580, 320, 500, 730, 578]",578.0,0.0,1097
514,dots,A13ZG3Z8RXWU5Z,file,9,699h8rze,sbyy3fej,415,309,"[1500, 204, 578, 4000, 1100, 666, 247247, 490, 1482]",1500.0,0.0,1097
516,dots,A38S0H2O3CSL38,file,9,699h8rze,v10vliis,417,310,"[1250, 750, 350, 750, 475, 65, 250, 890, 750]",500.0,0.0,1097
517,dots,A2X5VM2K4ZPRS2,file,9,699h8rze,nzhh94n2,418,311,"[352, 570, 800, 900, 700, 478, 632, 490, 350]",850.0,0.0,1097
518,dots,A191F96P1GIVKX,file,9,699h8rze,ahhbilwx,419,312,"[730, 750, 400, 688, 3000, 1350, 108, 880, 500]",717.0,0.0,1097
519,dots,A33DP2S0HLRBY8,file,9,699h8rze,r1ahbhp2,420,313,"[350, 25, 3100, 225, 200, 880, 1000, 352, 700]",1000.0,1.0,1097
520,dots,A3KG5AOC6NE0J3,file,9,699h8rze,72z3nzul,421,314,"[7500, 821, 800, 730, 1000, 1000, 150, 580, 1333]",2387.0,0.0,1097
521,dots,A1ZN12XUCSW704,file,9,699h8rze,7l1ux27g,422,315,"[150, 583, 660, 999, 180, 500, 450, 2500, 500]",289.0,0.0,1097
523,dots,A2YT7N78JKSUJS,file,9,699h8rze,bhvngskp,424,316,"[370, 475, 320, 580, 1000, 3500, 1100, 950, 900]",4000.0,0.0,1097
524,dots,AJU31EZ92NEL5,file,9,699h8rze,b7zpqa6o,425,317,"[425, 325, 900, 425, 786, 943, 1160, 1100, 1250]",650.0,0.0,1097
525,dots,AUSZFAYDEZIN8,file,9,699h8rze,m3gwk4bl,426,318,"[888, 1200, 1283, 400, 1000, 800, 1250, 375, 25]",1250.0,0.0,1097
526,dots,A2CJR0Z6B8R1MV,file,9,699h8rze,0tmxqeoh,427,319,"[270, 150, 600, 200, 7500, 2200, 670, 798, 385]",650.0,0.0,1097
527,dots,A2MI45TMDWRNZU,file,9,699h8rze,030q5s00,428,320,"[374, 1000, 500, 352, 1089, 385, 600, 890, 920]",700.0,0.0,1097
528,dots,A1ZH2P24IXR29F,file,9,699h8rze,8tzxvqgf,429,321,"[400, 1000, 320, 2000, 480, 1100, 215, 550, 150]",1200.0,1.0,1097
529,dots,A3CUUYUAVG8M8Z,file,9,699h8rze,l0d1qokt,430,322,"[400, 2600, 512, 385, 455, 775, 800, 1030, 570]",1220.0,0.0,1097
530,dots,A18E16UFE351U6,file,9,699h8rze,1vy1mrxk,431,323,"[325, 350, 500, 263, 275, 1025, 1020, 920, 1160]",1243.0,0.0,1097
533,dots,AJAPJJTISC36L,file,9,699h8rze,0oe0ylgx,434,324,"[500, 225, 1100, 670, 200, 1100, 1500, 730, 500]",625.0,0.0,1097
534,dots,A32318S1SI98GV,file,9,699h8rze,i0qnot94,435,325,"[720, 550, 5000, 700, 1250, 512, 1095, 1350, 2215]",1350.0,0.0,1097
535,dots,A1J7BOL7SR48DV,file,9,699h8rze,85jcvvy0,436,326,"[750, 1863, 400, 2800, 250, 775, 800, 1000, 546]",323.0,0.0,1097
536,dots,A3FNUU6B3Z33EM,file,9,699h8rze,9891v1j2,437,327,"[676, 900, 2038, 666, 665, 2200, 500, 425, 400]",1200.0,1.0,1097
537,dots,A24HYROUW8ZMZ,file,9,699h8rze,5bhet3pw,438,328,"[800, 400, 666, 725, 270, 1095, 510, 786, 1325]",1325.0,0.0,1097
538,dots,AECKWX9PFTHOM,file,9,699h8rze,rcnefkvr,439,329,"[420, 750, 2000, 3000, 325, 200, 720, 9000, 350]",3000.0,0.0,1097
539,dots,AZ4ZQMOFA3GND,file,9,699h8rze,oc3cj69a,440,330,"[774, 360, 800, 800, 688, 420, 2800, 100, 458]",2800.0,0.0,1097
540,dots,A1OSJTNI18VOKL,file,9,699h8rze,yqevhuyf,441,331,"[300, 525, 750, 550, 1169, 50000, 950, 750, 2215]",2500.0,0.0,1097
542,dots,A27XCW38I77SZ6,file,9,699h8rze,0sppzhug,443,332,"[752, 370, 750, 650, 168, 900, 3000, 385, 200]",3000.0,0.0,1097
543,dots,A2D6GU31XFG5LY,file,9,699h8rze,3vyyj013,444,333,"[500, 750, 568, 400, 1000, 280, 1459, 400, 350]",3000.0,0.0,1097
541,dots,A2TQ2I0LS676X8,file,9,699h8rze,lx6h27ic,442,334,"[876, 1100, 2200, 1100, 1000, 3000, 444, 455, 375]",2500.0,0.0,1097
545,dots,A1IZS2OJCVTI7G,file,9,699h8rze,17934pyl,446,335,"[5000, 1000, 150, 1100, 750, 385, 600, 1000, 500]",1500.0,0.0,1097
544,dots,A2M6AVNEEDZE9N,file,9,699h8rze,2cehj7r7,445,336,"[360, 325, 1100, 890, 584, 350, 1000, 2500, 300]",2500.0,0.0,1097
548,dots,A33UFNG3ITAWUI,file,9,699h8rze,q5mh38p2,449,338,"[9000, 410, 575, 200, 400, 247247, 450, 352, 2100]",750.0,0.0,1097
549,dots,AADRVG2QVZH75,file,9,699h8rze,ei29slj6,450,339,"[1283, 800, 3758, 1500, 1000, 250, 680, 280, 350]",850.0,0.0,1097
551,dots,A1VLTZJXGOC9NP,file,9,699h8rze,vd9f31pk,452,340,"[1100, 786, 1000, 247247, 325, 500, 500, 200, 150]",550.0,0.0,1097
552,dots,A249M2F9FFNIK2,file,9,699h8rze,dwetugvp,453,341,"[1000, 560, 1250, 108, 475, 2500, 670, 1459, 800]",900.0,0.0,1097
553,dots,A1PZIN8H1VI6SY,file,9,699h8rze,j24u7f8s,454,342,"[580, 4500, 150, 950, 1250, 821, 1100, 2500, 300]",1250.0,0.0,1097
555,dots,A12NNJKHIZP1TY,file,9,699h8rze,iwsyzczt,456,343,"[400, 888, 800, 250, 1169, 455, 2150, 500, 350]",2150.0,0.0,1097
556,dots,A38J8ZN6YEV9S,file,9,699h8rze,te1jztka,457,344,"[4000, 1000, 800, 700, 425, 250, 546, 5000, 250]",800.0,0.0,1097
557,dots,A3C2DKCZLI304P,file,9,699h8rze,5eqq972a,458,345,"[700, 1500, 890, 499, 1482, 1250, 1000000, 7200, 700]",2500.0,0.0,1097
558,dots,A3PVI0ZLZ32BK8,file,9,699h8rze,p5dd9vzr,459,346,"[375, 5009, 1466, 1100, 2000, 475, 350, 2600, 312]",3256.0,0.0,1097
559,dots,A2HGSFG0CL508L,file,9,699h8rze,riebru02,460,347,"[550, 1500, 689, 999999, 975, 1000, 2000, 500, 358]",672.0,0.0,1097
560,dots,AT7VI20VRIHDZ,file,9,699h8rze,ipl7r1wl,461,348,"[325, 350, 950, 475, 350650, 7200, 5000, 680, 725]",710.0,0.0,1097
561,dots,AW1SWNQFPIUKF,file,9,699h8rze,sjywumgb,462,349,"[500, 360, 7200, 499, 247247, 200, 385, 350, 350650]",862.0,0.0,1097
562,dots,A6F2KLH7XH5HE,file,9,699h8rze,qx1bm9eq,463,350,"[5555, 900, 425, 730, 300, 490, 156, 108, 370]",4000.0,0.0,1097
564,dots,A2UEVVA7PBW8EL,file,9,699h8rze,xrwuuqp5,465,351,"[2000, 300, 1500, 385, 2000, 168, 380, 643, 465]",1500.0,0.0,1097
566,dots,A2DDXYTEVDV5F5,file,9,699h8rze,dsfnbb64,467,352,"[475, 625, 1020, 821, 176, 420, 425, 10001, 369]",220.0,0.0,1097
567,dots,A3JPRHZ42FNY1S,file,9,699h8rze,29505ntr,468,353,"[550000, 890, 250, 7500, 1200, 750, 475, 3100, 670]",7000.0,0.0,1097
568,dots,A13FSH028ER11Z,file,9,699h8rze,rjem8ujz,469,354,"[750, 120, 1250, 180, 676, 455, 600, 176, 1100]",435.0,0.0,1097
569,dots,A1Z0UR9VN6CB2W,file,9,699h8rze,x7g3l4d2,470,355,"[620, 374, 737, 2215, 1000, 500, 560, 465, 247247]",990.0,1.0,1097
570,dots,AT2M7E6E6EAKK,file,9,699h8rze,jfpme75l,471,356,"[1000, 367, 1482, 499, 280, 550, 1333, 500, 800]",888.0,0.0,1097
572,dots,A2DHLFPCDUTK2O,file,9,699h8rze,rne1ad7v,473,357,"[737, 400, 366, 3543, 1030, 200, 425, 200, 65]",1080.0,1.0,1097
573,dots,A3CTXNQ2GXIQSP,file,9,699h8rze,a5zrba7z,474,358,"[4000, 980, 180, 25, 489, 160, 400, 300, 1250]",1500.0,0.0,1097
574,dots,ACY779VO92XNJ,file,9,699h8rze,mvrzol9a,475,359,"[200, 1100, 1000, 2800, 2800, 2500, 200, 108, 510]",750.0,0.0,1097
575,dots,AXD52FZA9RHCI,file,9,699h8rze,dbgfwt35,476,360,"[200, 800, 575, 2800, 500, 410, 300, 580, 350]",400.0,0.0,1097
576,dots,A1EEPB3QVVI5B8,file,9,699h8rze,4tzt5w62,477,361,"[1000, 700, 750, 7500, 325, 775, 330, 786, 9993]",350.0,0.0,1097
577,dots,AAOOD9MXREA5L,file,9,699h8rze,6gq3vuw1,478,362,"[200, 750, 1100, 450, 400, 300, 1863, 975, 1459]",1080.0,1.0,1097
578,dots,A2DU2GNT4C6ELE,file,9,699h8rze,jhxaiabm,479,363,"[800, 688, 4500, 1283, 560, 500, 3000, 500, 657]",625.0,0.0,1097
580,dots,A3SE8E7OCS96VM,file,9,699h8rze,k7amsrmf,481,364,"[680, 1466, 1350, 665, 2600, 2800, 1000, 150, 280]",742.0,0.0,1097
581,dots,A103A7PRZURWVQ,file,9,699h8rze,zgd41nxc,482,365,"[3100, 600, 750, 500, 774, 420, 999999, 525, 328]",5000.0,0.0,1097
582,dots,AJUSYY64UFMI5,file,9,699h8rze,uou7mswj,483,366,"[420, 350, 1000000, 700, 725, 800, 1160, 730, 950]",300.0,0.0,1097
584,dots,A3UN0HJ7A2OGGP,file,9,699h8rze,gsvqb5vd,485,367,"[1350, 5000, 425, 500, 350, 250, 25, 280, 1000]",878.0,0.0,1097
585,dots,A1BNT5QL3K89F6,file,9,699h8rze,0za1ku91,486,368,"[410, 1100, 350, 512, 5000, 1000, 500, 620, 1000]",375.0,0.0,1097
586,dots,A29BPRSUOOD6A4,file,9,699h8rze,adhx82rj,487,369,"[450, 1000, 500, 600, 5009, 1000, 360, 350, 1000]",750.0,0.0,1097
589,dots,ACSFNLK07LJ2P,file,9,699h8rze,siba8gdm,490,371,"[789, 900, 475, 150, 480, 500, 1000, 2000, 80]",2500.0,0.0,1097
590,dots,A20YTODXQF2HAH,file,9,699h8rze,888dykjr,491,372,"[2000, 450, 1000, 600, 302, 1450, 245, 5000, 57]",1500.0,0.0,1097
592,dots,A3MYQEOH992YU7,file,9,699h8rze,cp4cyjm6,493,373,"[480, 500, 1020, 1350, 700, 385, 350, 242, 500]",370.0,0.0,1097
593,dots,A2OGCXGLS44ZAO,file,9,699h8rze,i4sxopmu,494,374,"[300, 10001, 5000, 800, 287, 2000, 370, 300, 150]",800.0,0.0,1097
595,dots,A23XJ8I86R0O3B,file,9,699h8rze,xn7at1ry,496,375,"[400, 1466, 200, 738, 550000, 247247, 400, 1000, 275]",2018.0,0.0,1097
594,dots,A3QE6W49BZY8YJ,file,9,699h8rze,6ez4adua,495,376,"[876, 450, 980, 920, 2038, 200, 50000, 176, 500]",2400.0,0.0,1097
597,dots,A3IG4GIRQ7VKRN,file,9,699h8rze,hrnkb76x,498,377,"[400, 2800, 360, 250, 480, 1500, 800, 325, 900]",1000.0,1.0,1097
598,dots,A3SFC1YO4O53MH,file,9,699h8rze,jjr4m6p1,499,378,"[637, 458, 2345, 600, 385, 975, 2500, 156, 646]",1264.0,0.0,1097
599,dots,AGKIZUSFRFMYX,file,9,699h8rze,7nreyqe8,500,379,"[380, 676, 500, 1100, 1000, 392, 450, 1400, 2038]",422.0,0.0,1097
600,dots,AX97Z7MIKPPIS,file,9,699h8rze,95fxqyb8,501,380,"[300, 673, 750, 302, 800, 250, 250, 880, 2000]",1250.0,0.0,1097
601,dots,A26NOW16GA6U33,file,9,699h8rze,3y9dyazk,502,381,"[200, 3758, 1100, 730, 2185, 600, 1250, 410, 400]",670.0,0.0,1097
603,dots,AC0WP8EFKB80R,file,9,699h8rze,067pify8,504,382,"[10001, 646, 580, 375, 3100, 1000, 500, 900, 1500]",8003.0,0.0,1097
604,dots,AIGIEABSF1GDL,file,9,699h8rze,hchzp130,505,383,"[1283, 650, 1100, 450, 1000, 200, 680, 500, 2150]",750.0,0.0,1097
607,dots,A1CLS2A8N4D5G,file,9,699h8rze,pati7va3,508,384,"[425, 320, 750, 700, 3500, 1000, 2200, 700, 450]",425.0,0.0,1097
609,dots,A3W58E33JDH9OF,file,9,699h8rze,bhronm3j,510,385,"[1000000, 600, 328, 1350, 900, 750, 500, 584, 150]",520.0,0.0,1097
610,dots,A3UPDYCOW9AIT6,file,9,699h8rze,hn2840s2,511,386,"[525, 1100, 1000, 750, 150, 650, 475, 330, 400]",1000.0,1.0,1097
612,dots,AVE4ZG4GPNYPA,file,9,699h8rze,gxs8bau8,513,387,"[676, 325, 676, 25, 1459, 287, 345, 725, 1100]",750.0,0.0,1097
611,dots,AT6OT5K5Z4V0J,file,9,699h8rze,2znlr5kf,512,388,"[287, 1500, 580, 352, 350, 200, 1100, 211, 900]",642.0,0.0,1097
613,dots,A15OW8ITB6FAIM,file,9,699h8rze,xq4rtipq,514,389,"[900, 9993, 800, 2000, 1500, 400, 800, 1169, 1500]",1008.0,1.0,1097
615,dots,A233UQZAI83ZHL,file,9,699h8rze,fodqdb40,516,390,"[800, 400, 500, 330, 730, 250, 400, 2250, 250]",1500.0,0.0,1097
616,dots,A2NCJB8RNFSDN4,file,9,699h8rze,y9q9i28v,517,391,"[176, 1500, 150, 385, 200, 380, 800, 160, 1089]",1200.0,1.0,1097
617,dots,ABMMFGRR6VFC,file,9,699h8rze,37b65h5v,518,392,"[1600, 700, 400, 550, 1000, 750, 450, 2000, 2492]",910.0,0.0,1097
619,dots,AA2O932UNAZA1,file,9,699h8rze,k8wirz49,520,393,"[675, 700, 425, 550000, 2200, 320, 3543, 700, 2500]",2000.0,0.0,1097
621,dots,A2G0S8BRLJ7OM8,file,9,699h8rze,si4955qx,522,394,"[680, 620, 400, 369, 280, 700, 225, 3758, 300]",840.0,0.0,1097
622,dots,AR4KD747PPETJ,file,9,699h8rze,uf3fl3v7,523,395,"[470, 1459, 3758, 180, 2150, 287, 600, 500, 1000]",258.0,0.0,1097
623,dots,A354QMVOXVCIS2,file,9,699h8rze,126xw70l,524,396,"[900, 550, 225, 1100, 693, 625, 535, 1000, 186]",600.0,0.0,1097
624,dots,A31DNFNI6SR9,file,9,699h8rze,8mn33ac8,525,397,"[738, 400, 20000, 700, 490, 150, 3000, 550, 637]",642.0,0.0,1097
625,dots,A1EIDGQ6CF15J,file,9,699h8rze,8u5ngn2x,526,398,"[2500, 675, 5000, 700, 500, 470, 263, 325, 650]",1555.0,0.0,1097
627,dots,A1FVXS8IM5QYO8,file,9,699h8rze,w5t6hlks,528,399,"[178, 425, 890, 200, 1100, 350, 385, 900, 943]",1050.0,1.0,1097
629,dots,A232KB6BKXTLR,file,9,699h8rze,4bjjcq3o,530,400,"[500, 1863, 215, 1000, 600, 700, 560, 350, 150]",325.0,0.0,1097
630,dots,A3Q9QKD2BV4USF,file,9,699h8rze,gi07jc6o,531,401,"[1000, 550, 600, 1000000, 1000, 3543, 490, 750, 800]",1550.0,0.0,1097
631,dots,A15S9ZKMKQ1OC7,file,9,699h8rze,ip0gcvjl,532,402,"[650, 625, 1000, 168, 478, 425, 200, 600, 980]",980.0,0.0,1097
632,dots,A24OMY5X062DYA,file,9,699h8rze,8lzwqgzb,533,403,"[400, 489, 168, 2500, 643, 380, 385, 1000, 550]",643.0,0.0,1097
633,dots,A1DB55ZHE7ENEH,file,9,699h8rze,z1oa2iwe,534,404,"[200, 1100, 800, 475, 200, 950, 800, 1200, 3000]",2500.0,0.0,1097
635,dots,A2C58H88W1NAO,file,9,699h8rze,6vi9mgwt,536,405,"[392, 300, 523, 950, 676, 1000, 250, 1322, 350]",400.0,0.0,1097
636,dots,A3SW0VFQLF04D2,file,9,699h8rze,dbxb96cl,537,406,"[444, 700, 108, 360, 700, 300, 380, 600, 550000]",750.0,0.0,1097
638,dots,A1DWJIRM6C5FXR,file,9,699h8rze,l85y2t0a,539,407,"[646, 1350, 4500, 330, 640, 1000, 375, 950, 900]",460.0,0.0,1097
639,dots,A2TBX0LP5I2JSY,file,9,699h8rze,8pubhtpg,540,408,"[800, 450, 500, 550, 253, 800, 1000, 700, 1030]",1250.0,0.0,1097
640,dots,AJOMOSI9XX4B3,file,9,699h8rze,ain5ppgk,541,409,"[120, 920, 2500, 800, 1000, 943, 300, 880, 200]",500.0,0.0,1097
642,dots,A12XX35AAVF8CA,file,9,699h8rze,dvl4wgo5,543,410,"[700, 1025, 1095, 328, 1110, 392, 673, 1333, 3000]",650.0,0.0,1097
643,dots,A2WFH399O0W7P0,file,9,699h8rze,5218yrb9,544,411,"[350, 800, 300, 980, 500, 4500, 3000, 400, 525]",980.0,0.0,1097
644,dots,A2M1Z2HRJVK2UD,file,9,699h8rze,bfmw0433,545,412,"[646, 300, 57, 4000, 643, 320, 700, 752, 200]",646.0,0.0,1097
646,dots,A13N6TCI3RNIRC,file,9,699h8rze,43c4yy0o,547,413,"[730, 375, 900, 1100, 999999, 625, 5000, 2250, 100]",3200.0,0.0,1097
647,dots,A1OVN32XH1791K,file,9,699h8rze,5ibbee2z,548,414,"[650, 350, 400, 242, 500, 250, 800, 3000, 300]",222.0,0.0,1097
649,dots,AA4IXBZUGRXLL,file,9,699h8rze,rrr1rxud,550,415,"[750, 5000, 200, 680, 2150, 1000, 220, 410, 360]",1111.0,0.0,1097
650,dots,A3LX4S6ODU2LA5,file,9,699h8rze,ba2br532,551,416,"[670, 676, 665, 2600, 150, 1322, 220, 200, 1025]",200.0,0.0,1097
652,dots,A3JSIHZSHSB1H6,file,9,699h8rze,vyp1s41u,553,417,"[500, 2000, 270, 700, 700, 400, 1000, 2200, 200]",3000.0,0.0,1097
654,dots,A3URI3ALCB9KVK,file,9,699h8rze,xl6eiaq9,555,418,"[500, 1400, 1250, 490, 775, 1000, 2800, 355, 700]",490.0,0.0,1097
655,dots,A3H2PNW9R0TGH1,file,9,699h8rze,ti2f0r6o,556,419,"[546, 367, 4500, 750, 10001, 250, 1030, 455, 500]",575.0,0.0,1097
656,dots,A3G0TRR094H7XD,file,9,699h8rze,76zywf0u,557,420,"[730, 100, 930, 1235, 1200, 720, 263, 251, 420]",1000.0,1.0,1097
657,dots,A1Z2XMXEZ1SEI6,file,9,699h8rze,m8tynlo9,558,421,"[1500, 178, 950, 253, 200, 500, 225, 343, 900]",975.0,0.0,1097
658,dots,A1MGY4WBYIYMIP,file,9,699h8rze,gokbt0jm,559,422,"[478, 455, 5009, 700, 1600, 57, 583, 1250, 800]",1600.0,0.0,1097
659,dots,A239FEW64JFNT2,file,9,699h8rze,cn322uxm,560,423,"[500, 200, 1000, 500, 5009, 350, 550, 350, 2000]",2400.0,0.0,1097
661,dots,A48WNR6C4CI3J,file,9,699h8rze,g7esa5wa,562,424,"[550, 1000, 1325, 693, 480, 186, 250, 450, 584]",1500.0,0.0,1097
663,dots,A2W9YQ4SL0MQZB,file,9,699h8rze,jutx4e1w,564,425,"[400, 352, 1020, 150, 465, 2000, 583, 625, 930]",1133.0,1.0,1097
664,dots,A2DJ9CR8TWKAPJ,file,9,699h8rze,d2j30e1x,565,426,"[750, 5000, 568, 325, 156, 780, 1283, 450, 410]",625.0,0.0,1097
665,dots,AIV13Z9WMXKH3,file,9,699h8rze,fkt2bj45,566,427,"[270, 1250, 1095, 215, 420, 500, 500, 752, 999]",1200.0,1.0,1097
666,dots,ALXLCC61WP3A1,file,9,699h8rze,25bgaro6,567,428,"[220, 1000, 50000, 600, 9000, 523, 186, 670, 1100]",1500.0,0.0,1097
667,dots,A3723CQM6I92CU,file,9,699h8rze,nvrruop3,568,429,"[700, 550, 786, 500, 1500, 270, 15498, 1100, 1250]",375.0,0.0,1097
668,dots,A3DLF966K5K4BX,file,9,699h8rze,749rgk5a,569,430,"[2100, 500, 5009, 5000, 1250, 500, 140, 500, 1235]",1325.0,0.0,1097
669,dots,AGC3T6724JUAF,file,9,699h8rze,ydok4a1u,570,431,"[1000, 700, 500, 370, 800, 657, 600, 450, 214]",700.0,0.0,1097
671,dots,A32WRWWB3PNFYI,file,9,699h8rze,xp0mxx48,572,432,"[2185, 890, 688, 720, 580, 2000, 270, 550000, 9993]",540.0,0.0,1097
672,dots,A1KA64FR47O9FS,file,9,699h8rze,a8e2i01c,573,433,"[500, 1200, 900, 550, 380, 420, 500, 392, 720]",750.0,0.0,1097
673,dots,A70L26UXLTGLC,file,9,699h8rze,etr3ygzk,574,434,"[660, 358, 180, 302, 200, 270, 375, 1200, 900]",550.0,0.0,1097
674,dots,ALB2M3T706PN1,file,9,699h8rze,2x54j4ey,575,435,"[500, 420, 9000, 999999, 950, 535, 280, 688, 950]",500.0,0.0,1097
676,dots,A118BQHK3S4UDV,file,9,699h8rze,7zzek64e,577,436,"[350, 455, 980, 80, 688, 1459, 625, 1000, 1200]",620.0,0.0,1097
675,dots,A2X2FKU7CR848P,file,9,699h8rze,q3jvlwky,576,437,"[280, 1169, 3000, 343, 1025, 400, 750, 1000, 2800]",750.0,0.0,1097
677,dots,A2ZDK0Y5466BXN,file,9,699h8rze,906pd740,578,438,"[900, 774, 100000, 200, 2800, 700, 950, 1000, 5000]",1100.0,1.0,1097
678,dots,A2PC8T3FGQHGK5,file,9,699h8rze,8bstti1b,579,439,"[1325, 720, 800, 350, 253, 455, 1000, 385, 550]",475.0,0.0,1097
679,dots,A15HRBYM3REOEV,file,9,699h8rze,kkcdg6cb,580,440,"[750, 302, 500, 600, 1200, 700, 880, 300, 1863]",750.0,0.0,1097
680,dots,A2L3D3KO0A434Y,file,9,699h8rze,vu1s01dk,581,441,"[512, 444, 420, 620, 300, 737, 400, 325, 490]",650.0,0.0,1097
681,dots,A3P2PAD4UHX44I,file,9,699h8rze,x0g765z0,582,442,"[350, 444, 900, 180, 525, 400, 57, 200, 5000]",625.0,0.0,1097
682,dots,ATBIPUCO3EKS6,file,9,699h8rze,g3l3kz1g,583,443,"[211, 350, 689, 600, 800, 400, 900, 410, 1000]",975.0,0.0,1097
683,dots,A3JA70V13REP3N,file,9,699h8rze,t3lxv8gc,584,444,"[512, 583, 620, 1000, 1345, 444, 385, 400, 1000]",3000.0,0.0,1097
684,dots,A242JC4Z6H8D2G,file,9,699h8rze,l2z19j66,585,445,"[1000, 420, 676, 400, 3543, 1000, 2500, 693, 410]",500.0,0.0,1097
685,dots,A19D7WOKTJNWDI,file,9,699h8rze,tovi8thi,586,446,"[253, 500, 200, 475, 780, 1333, 450, 2600, 700]",530.0,0.0,1097
688,dots,A3SQUOKCOG3F9Z,file,9,699h8rze,09ka1wv9,589,447,"[500, 57, 500, 250, 330, 425, 156, 1000000, 550]",150.0,0.0,1097
689,dots,A1KOHXO0BIQB8T,file,9,699h8rze,9ra3ytfn,590,448,"[876, 500, 1000, 1600, 375, 1000, 117, 600, 1100]",550.0,0.0,1097
690,dots,A2OEG1BINFWA20,file,9,699h8rze,ifixi8ls,591,449,"[637, 400, 738, 1600, 600, 9000, 500, 450, 10000]",978.0,0.0,1097
691,dots,A3KWM8WSJMGI45,file,9,699h8rze,j6e0ksfq,592,450,"[560, 1000, 750, 450, 5000, 156, 752, 700, 1000]",1250.0,0.0,1097
693,dots,AHSI36UN1P4EF,file,9,699h8rze,inskxcrg,594,451,"[800, 225, 584, 550000, 2215, 250, 1089, 800, 499]",522.0,0.0,1097
695,dots,A1QZFHO2YRHATF,file,9,699h8rze,bxqj5tr9,596,452,"[186, 180, 600, 400, 1100, 600, 320, 80, 478]",950.0,0.0,1097
696,dots,A2GKDQGHV5A5TT,file,9,699h8rze,p0r0qocw,597,453,"[640, 458, 523, 320, 1000, 450, 150, 360, 420]",400.0,0.0,1097
697,dots,ARU6DAPZILAE,file,9,699h8rze,pyc3yzgc,598,454,"[200, 1000, 2500, 600, 750, 600, 480, 500, 650]",650.0,0.0,1097
698,dots,ADKYBMRKXK815,file,9,699h8rze,9dfg52ku,599,455,"[3100, 2500, 700, 247247, 300, 500, 2000, 300, 500]",600.0,0.0,1097
699,dots,A2ALZNPLE2J4NU,file,9,699h8rze,2t0wvr1v,600,456,"[400, 673, 500, 345, 1863, 465, 600, 455, 200]",1863.0,0.0,1097
702,dots,A508TUK7OF0YG,file,9,699h8rze,m9zfpcru,603,457,"[600, 3000, 343, 480, 1100, 560, 358, 1000, 5000]",1000.0,1.0,1097
703,dots,A3FOZW3TFS6KMN,file,9,699h8rze,hueo52z0,604,458,"[2000, 385, 300, 1000, 693, 700, 200, 300, 500]",625.0,0.0,1097
704,dots,A3J5YU2IT66GGP,file,9,699h8rze,9rpg8py4,605,459,"[251, 300, 352, 1030, 4000, 688, 500, 400, 1000]",525.0,0.0,1097
705,dots,A3S4HIGHB1IB8L,file,9,699h8rze,1m4e8zff,606,460,"[876, 800, 800, 455, 2000, 200, 400, 2100, 800]",743.0,0.0,1097
